111, 1989.500000, -0.760000, 0.000000, 0.000000, 2033.500000, -0.220000, 0.390000, 0.230000, 2033.500000, -0.220000, 0.390000, 0.230000, 2033.500000, -0.220000, 0.390000, 0.230000, 2033.500000, -0.220000, 0.390000, 0.230000, 2016.800000, -0.420000, 0.340000, 0.060000 
112, 1989.500000, -0.760000, 0.000000, 0.000000, 2033.500000, -0.220000, 0.390000, 0.230000, 2033.500000, -0.220000, 0.390000, 0.230000, 2033.500000, -0.220000, 0.390000, 0.230000, 2033.500000, -0.220000, 0.390000, 0.230000, 2034.000000, -0.240000, 0.370000, 0.230000 
113, 1989.500000, -0.760000, 0.000000, 0.000000, 2033.500000, -0.220000, 0.390000, 0.230000, 2033.500000, -0.220000, 0.390000, 0.230000, 2033.500000, -0.220000, 0.390000, 0.230000, 2033.500000, -0.220000, 0.390000, 0.230000, 2013.200000, -0.460000, 0.120000, -0.270000 
114, 1989.500000, -0.760000, 0.000000, 0.000000, 2033.500000, -0.220000, 0.390000, 0.230000, 2033.500000, -0.220000, 0.390000, 0.230000, 2033.500000, -0.220000, 0.390000, 0.230000, 2033.500000, -0.220000, 0.390000, 0.230000, 2011.300000, -0.480000, 0.150000, 0.000000 
115, 1989.500000, -0.760000, 0.000000, 0.000000, 2033.500000, -0.220000, 0.390000, 0.230000, 2033.500000, -0.220000, 0.390000, 0.230000, 2033.500000, -0.220000, 0.390000, 0.230000, 2033.500000, -0.220000, 0.390000, 0.230000, 2033.600000, -0.240000, 0.350000, 0.180000 
121, 1989.500000, -0.760000, 0.000000, 0.000000, 2028.500000, 0.020000, 0.560000, 0.660000, 2028.500000, 0.020000, 0.560000, 0.660000, 2028.500000, 0.020000, 0.560000, 0.660000, 2028.500000, 0.020000, 0.560000, 0.660000, 2016.800000, -0.420000, 0.340000, 0.060000 
122, 1989.500000, -0.760000, 0.000000, 0.000000, 2028.500000, 0.020000, 0.560000, 0.660000, 2028.500000, 0.020000, 0.560000, 0.660000, 2028.500000, 0.020000, 0.560000, 0.660000, 2028.500000, 0.020000, 0.560000, 0.660000, 2034.000000, -0.240000, 0.370000, 0.230000 
123, 1989.500000, -0.760000, 0.000000, 0.000000, 2028.500000, 0.020000, 0.560000, 0.660000, 2028.500000, 0.020000, 0.560000, 0.660000, 2028.500000, 0.020000, 0.560000, 0.660000, 2028.500000, 0.020000, 0.560000, 0.660000, 2013.200000, -0.460000, 0.120000, -0.270000 
125, 1989.500000, -0.760000, 0.000000, 0.000000, 2028.500000, 0.020000, 0.560000, 0.660000, 2028.500000, 0.020000, 0.560000, 0.660000, 2028.500000, 0.020000, 0.560000, 0.660000, 2028.500000, 0.020000, 0.560000, 0.660000, 2033.600000, -0.240000, 0.350000, 0.180000 
131, 1989.500000, -0.760000, 0.000000, 0.000000, 2005.200000, -0.560000, 0.050000, 0.100000, 2005.200000, -0.560000, 0.050000, 0.100000, 2005.200000, -0.560000, 0.050000, 0.100000, 2005.200000, -0.560000, 0.050000, 0.100000, 2016.800000, -0.420000, 0.340000, 0.060000 
132, 1989.500000, -0.760000, 0.000000, 0.000000, 2005.200000, -0.560000, 0.050000, 0.100000, 2005.200000, -0.560000, 0.050000, 0.100000, 2005.200000, -0.560000, 0.050000, 0.100000, 2005.200000, -0.560000, 0.050000, 0.100000, 2034.000000, -0.240000, 0.370000, 0.230000 
133, 1989.500000, -0.760000, 0.000000, 0.000000, 2005.200000, -0.560000, 0.050000, 0.100000, 2005.200000, -0.560000, 0.050000, 0.100000, 2005.200000, -0.560000, 0.050000, 0.100000, 2005.200000, -0.560000, 0.050000, 0.100000, 2013.200000, -0.460000, 0.120000, -0.270000 
134, 1989.500000, -0.760000, 0.000000, 0.000000, 2005.200000, -0.560000, 0.050000, 0.100000, 2005.200000, -0.560000, 0.050000, 0.100000, 2005.200000, -0.560000, 0.050000, 0.100000, 2005.200000, -0.560000, 0.050000, 0.100000, 2011.300000, -0.480000, 0.150000, 0.000000 
135, 1989.500000, -0.760000, 0.000000, 0.000000, 2005.200000, -0.560000, 0.050000, 0.100000, 2005.200000, -0.560000, 0.050000, 0.100000, 2005.200000, -0.560000, 0.050000, 0.100000, 2005.200000, -0.560000, 0.050000, 0.100000, 2033.600000, -0.240000, 0.350000, 0.180000 
141, 1989.500000, -0.760000, 0.000000, 0.000000, 1980.600000, -0.880000, -0.010000, 0.120000, 1980.600000, -0.880000, -0.010000, 0.120000, 1980.600000, -0.880000, -0.010000, 0.120000, 1980.600000, -0.880000, -0.010000, 0.120000, 2016.800000, -0.420000, 0.340000, 0.060000 
142, 1989.500000, -0.760000, 0.000000, 0.000000, 1980.600000, -0.880000, -0.010000, 0.120000, 1980.600000, -0.880000, -0.010000, 0.120000, 1980.600000, -0.880000, -0.010000, 0.120000, 1980.600000, -0.880000, -0.010000, 0.120000, 2034.000000, -0.240000, 0.370000, 0.230000 
143, 1989.500000, -0.760000, 0.000000, 0.000000, 1980.600000, -0.880000, -0.010000, 0.120000, 1980.600000, -0.880000, -0.010000, 0.120000, 1980.600000, -0.880000, -0.010000, 0.120000, 1980.600000, -0.880000, -0.010000, 0.120000, 2013.200000, -0.460000, 0.120000, -0.270000 
144, 1989.500000, -0.760000, 0.000000, 0.000000, 1980.600000, -0.880000, -0.010000, 0.120000, 1980.600000, -0.880000, -0.010000, 0.120000, 1980.600000, -0.880000, -0.010000, 0.120000, 1980.600000, -0.880000, -0.010000, 0.120000, 2011.300000, -0.480000, 0.150000, 0.000000 
145, 1989.500000, -0.760000, 0.000000, 0.000000, 1980.600000, -0.880000, -0.010000, 0.120000, 1980.600000, -0.880000, -0.010000, 0.120000, 1980.600000, -0.880000, -0.010000, 0.120000, 1980.600000, -0.880000, -0.010000, 0.120000, 2033.600000, -0.240000, 0.350000, 0.180000 
151, 1989.500000, -0.760000, 0.000000, 0.000000, 2033.500000, -0.220000, 0.390000, 0.230000, 2028.500000, 0.020000, 0.560000, 0.660000, 2028.500000, 0.020000, 0.560000, 0.660000, 2033.500000, -0.220000, 0.390000, 0.230000, 2016.800000, -0.420000, 0.340000, 0.060000 
152, 1989.500000, -0.760000, 0.000000, 0.000000, 2033.500000, -0.220000, 0.390000, 0.230000, 2028.500000, 0.020000, 0.560000, 0.660000, 2028.500000, 0.020000, 0.560000, 0.660000, 2033.500000, -0.220000, 0.390000, 0.230000, 2034.000000, -0.240000, 0.370000, 0.230000 
153, 1989.500000, -0.760000, 0.000000, 0.000000, 2033.500000, -0.220000, 0.390000, 0.230000, 2028.500000, 0.020000, 0.560000, 0.660000, 2028.500000, 0.020000, 0.560000, 0.660000, 2033.500000, -0.220000, 0.390000, 0.230000, 2013.200000, -0.460000, 0.120000, -0.270000 
154, 1989.500000, -0.760000, 0.000000, 0.000000, 2033.500000, -0.220000, 0.390000, 0.230000, 2028.500000, 0.020000, 0.560000, 0.660000, 2028.500000, 0.020000, 0.560000, 0.660000, 2033.500000, -0.220000, 0.390000, 0.230000, 2011.300000, -0.480000, 0.150000, 0.000000 
155, 1989.500000, -0.760000, 0.000000, 0.000000, 2033.500000, -0.220000, 0.390000, 0.230000, 2028.500000, 0.020000, 0.560000, 0.660000, 2028.500000, 0.020000, 0.560000, 0.660000, 2033.500000, -0.220000, 0.390000, 0.230000, 2033.600000, -0.240000, 0.350000, 0.180000 
161, 1989.500000, -0.760000, 0.000000, 0.000000, 2033.500000, -0.220000, 0.390000, 0.230000, 2028.500000, 0.020000, 0.560000, 0.660000, 2033.500000, -0.220000, 0.390000, 0.230000, 2028.500000, 0.020000, 0.560000, 0.660000, 2016.800000, -0.420000, 0.340000, 0.060000 
162, 1989.500000, -0.760000, 0.000000, 0.000000, 2033.500000, -0.220000, 0.390000, 0.230000, 2028.500000, 0.020000, 0.560000, 0.660000, 2033.500000, -0.220000, 0.390000, 0.230000, 2028.500000, 0.020000, 0.560000, 0.660000, 2034.000000, -0.240000, 0.370000, 0.230000 
163, 1989.500000, -0.760000, 0.000000, 0.000000, 2033.500000, -0.220000, 0.390000, 0.230000, 2028.500000, 0.020000, 0.560000, 0.660000, 2033.500000, -0.220000, 0.390000, 0.230000, 2028.500000, 0.020000, 0.560000, 0.660000, 2013.200000, -0.460000, 0.120000, -0.270000 
164, 1989.500000, -0.760000, 0.000000, 0.000000, 2033.500000, -0.220000, 0.390000, 0.230000, 2028.500000, 0.020000, 0.560000, 0.660000, 2033.500000, -0.220000, 0.390000, 0.230000, 2028.500000, 0.020000, 0.560000, 0.660000, 2011.300000, -0.480000, 0.150000, 0.000000 
165, 1989.500000, -0.760000, 0.000000, 0.000000, 2033.500000, -0.220000, 0.390000, 0.230000, 2028.500000, 0.020000, 0.560000, 0.660000, 2033.500000, -0.220000, 0.390000, 0.230000, 2028.500000, 0.020000, 0.560000, 0.660000, 2033.600000, -0.240000, 0.350000, 0.180000 
211, 1981.300000, -0.870000, -0.070000, -0.170000, 2033.500000, -0.220000, 0.390000, 0.230000, 2033.500000, -0.220000, 0.390000, 0.230000, 2033.500000, -0.220000, 0.390000, 0.230000, 2033.500000, -0.220000, 0.390000, 0.230000, 2016.800000, -0.420000, 0.340000, 0.060000 
212, 1981.300000, -0.870000, -0.070000, -0.170000, 2033.500000, -0.220000, 0.390000, 0.230000, 2033.500000, -0.220000, 0.390000, 0.230000, 2033.500000, -0.220000, 0.390000, 0.230000, 2033.500000, -0.220000, 0.390000, 0.230000, 2034.000000, -0.240000, 0.370000, 0.230000 
213, 1981.300000, -0.870000, -0.070000, -0.170000, 2033.500000, -0.220000, 0.390000, 0.230000, 2033.500000, -0.220000, 0.390000, 0.230000, 2033.500000, -0.220000, 0.390000, 0.230000, 2033.500000, -0.220000, 0.390000, 0.230000, 2013.200000, -0.460000, 0.120000, -0.270000 
214, 1981.300000, -0.870000, -0.070000, -0.170000, 2033.500000, -0.220000, 0.390000, 0.230000, 2033.500000, -0.220000, 0.390000, 0.230000, 2033.500000, -0.220000, 0.390000, 0.230000, 2033.500000, -0.220000, 0.390000, 0.230000, 2011.300000, -0.480000, 0.150000, 0.000000 
215, 1981.300000, -0.870000, -0.070000, -0.170000, 2033.500000, -0.220000, 0.390000, 0.230000, 2033.500000, -0.220000, 0.390000, 0.230000, 2033.500000, -0.220000, 0.390000, 0.230000, 2033.500000, -0.220000, 0.390000, 0.230000, 2033.600000, -0.240000, 0.350000, 0.180000 
221, 1981.300000, -0.870000, -0.070000, -0.170000, 2028.500000, 0.020000, 0.560000, 0.660000, 2028.500000, 0.020000, 0.560000, 0.660000, 2028.500000, 0.020000, 0.560000, 0.660000, 2028.500000, 0.020000, 0.560000, 0.660000, 2016.800000, -0.420000, 0.340000, 0.060000 
222, 1981.300000, -0.870000, -0.070000, -0.170000, 2028.500000, 0.020000, 0.560000, 0.660000, 2028.500000, 0.020000, 0.560000, 0.660000, 2028.500000, 0.020000, 0.560000, 0.660000, 2028.500000, 0.020000, 0.560000, 0.660000, 2034.000000, -0.240000, 0.370000, 0.230000 
223, 1981.300000, -0.870000, -0.070000, -0.170000, 2028.500000, 0.020000, 0.560000, 0.660000, 2028.500000, 0.020000, 0.560000, 0.660000, 2028.500000, 0.020000, 0.560000, 0.660000, 2028.500000, 0.020000, 0.560000, 0.660000, 2013.200000, -0.460000, 0.120000, -0.270000 
224, 1981.300000, -0.870000, -0.070000, -0.170000, 2028.500000, 0.020000, 0.560000, 0.660000, 2028.500000, 0.020000, 0.560000, 0.660000, 2028.500000, 0.020000, 0.560000, 0.660000, 2028.500000, 0.020000, 0.560000, 0.660000, 2011.300000, -0.480000, 0.150000, 0.000000 
225, 1981.300000, -0.870000, -0.070000, -0.170000, 2028.500000, 0.020000, 0.560000, 0.660000, 2028.500000, 0.020000, 0.560000, 0.660000, 2028.500000, 0.020000, 0.560000, 0.660000, 2028.500000, 0.020000, 0.560000, 0.660000, 2033.600000, -0.240000, 0.350000, 0.180000 
231, 1981.300000, -0.870000, -0.070000, -0.170000, 2005.200000, -0.560000, 0.050000, 0.100000, 2005.200000, -0.560000, 0.050000, 0.100000, 2005.200000, -0.560000, 0.050000, 0.100000, 2005.200000, -0.560000, 0.050000, 0.100000, 2016.800000, -0.420000, 0.340000, 0.060000 
232, 1981.300000, -0.870000, -0.070000, -0.170000, 2005.200000, -0.560000, 0.050000, 0.100000, 2005.200000, -0.560000, 0.050000, 0.100000, 2005.200000, -0.560000, 0.050000, 0.100000, 2005.200000, -0.560000, 0.050000, 0.100000, 2034.000000, -0.240000, 0.370000, 0.230000 
233, 1981.300000, -0.870000, -0.070000, -0.170000, 2005.200000, -0.560000, 0.050000, 0.100000, 2005.200000, -0.560000, 0.050000, 0.100000, 2005.200000, -0.560000, 0.050000, 0.100000, 2005.200000, -0.560000, 0.050000, 0.100000, 2013.200000, -0.460000, 0.120000, -0.270000 
234, 1981.300000, -0.870000, -0.070000, -0.170000, 2005.200000, -0.560000, 0.050000, 0.100000, 2005.200000, -0.560000, 0.050000, 0.100000, 2005.200000, -0.560000, 0.050000, 0.100000, 2005.200000, -0.560000, 0.050000, 0.100000, 2011.300000, -0.480000, 0.150000, 0.000000 
235, 1981.300000, -0.870000, -0.070000, -0.170000, 2005.200000, -0.560000, 0.050000, 0.100000, 2005.200000, -0.560000, 0.050000, 0.100000, 2005.200000, -0.560000, 0.050000, 0.100000, 2005.200000, -0.560000, 0.050000, 0.100000, 2033.600000, -0.240000, 0.350000, 0.180000 
241, 1981.300000, -0.870000, -0.070000, -0.170000, 1980.600000, -0.880000, -0.010000, 0.120000, 1980.600000, -0.880000, -0.010000, 0.120000, 1980.600000, -0.880000, -0.010000, 0.120000, 1980.600000, -0.880000, -0.010000, 0.120000, 2016.800000, -0.420000, 0.340000, 0.060000 
242, 1981.300000, -0.870000, -0.070000, -0.170000, 1980.600000, -0.880000, -0.010000, 0.120000, 1980.600000, -0.880000, -0.010000, 0.120000, 1980.600000, -0.880000, -0.010000, 0.120000, 1980.600000, -0.880000, -0.010000, 0.120000, 2034.000000, -0.240000, 0.370000, 0.230000 
243, 1981.300000, -0.870000, -0.070000, -0.170000, 1980.600000, -0.880000, -0.010000, 0.120000, 1980.600000, -0.880000, -0.010000, 0.120000, 1980.600000, -0.880000, -0.010000, 0.120000, 1980.600000, -0.880000, -0.010000, 0.120000, 2013.200000, -0.460000, 0.120000, -0.270000 
244, 1981.300000, -0.870000, -0.070000, -0.170000, 1980.600000, -0.880000, -0.010000, 0.120000, 1980.600000, -0.880000, -0.010000, 0.120000, 1980.600000, -0.880000, -0.010000, 0.120000, 1980.600000, -0.880000, -0.010000, 0.120000, 2011.300000, -0.480000, 0.150000, 0.000000 
251, 1981.300000, -0.870000, -0.070000, -0.170000, 2033.500000, -0.220000, 0.390000, 0.230000, 2028.500000, 0.020000, 0.560000, 0.660000, 2028.500000, 0.020000, 0.560000, 0.660000, 2033.500000, -0.220000, 0.390000, 0.230000, 2016.800000, -0.420000, 0.340000, 0.060000 
252, 1981.300000, -0.870000, -0.070000, -0.170000, 2033.500000, -0.220000, 0.390000, 0.230000, 2028.500000, 0.020000, 0.560000, 0.660000, 2028.500000, 0.020000, 0.560000, 0.660000, 2033.500000, -0.220000, 0.390000, 0.230000, 2034.000000, -0.240000, 0.370000, 0.230000 
253, 1981.300000, -0.870000, -0.070000, -0.170000, 2033.500000, -0.220000, 0.390000, 0.230000, 2028.500000, 0.020000, 0.560000, 0.660000, 2028.500000, 0.020000, 0.560000, 0.660000, 2033.500000, -0.220000, 0.390000, 0.230000, 2013.200000, -0.460000, 0.120000, -0.270000 
254, 1981.300000, -0.870000, -0.070000, -0.170000, 2033.500000, -0.220000, 0.390000, 0.230000, 2028.500000, 0.020000, 0.560000, 0.660000, 2028.500000, 0.020000, 0.560000, 0.660000, 2033.500000, -0.220000, 0.390000, 0.230000, 2011.300000, -0.480000, 0.150000, 0.000000 
255, 1981.300000, -0.870000, -0.070000, -0.170000, 2033.500000, -0.220000, 0.390000, 0.230000, 2028.500000, 0.020000, 0.560000, 0.660000, 2028.500000, 0.020000, 0.560000, 0.660000, 2033.500000, -0.220000, 0.390000, 0.230000, 2033.600000, -0.240000, 0.350000, 0.180000 
261, 1981.300000, -0.870000, -0.070000, -0.170000, 2033.500000, -0.220000, 0.390000, 0.230000, 2028.500000, 0.020000, 0.560000, 0.660000, 2033.500000, -0.220000, 0.390000, 0.230000, 2028.500000, 0.020000, 0.560000, 0.660000, 2016.800000, -0.420000, 0.340000, 0.060000 
263, 1981.300000, -0.870000, -0.070000, -0.170000, 2033.500000, -0.220000, 0.390000, 0.230000, 2028.500000, 0.020000, 0.560000, 0.660000, 2033.500000, -0.220000, 0.390000, 0.230000, 2028.500000, 0.020000, 0.560000, 0.660000, 2013.200000, -0.460000, 0.120000, -0.270000 
264, 1981.300000, -0.870000, -0.070000, -0.170000, 2033.500000, -0.220000, 0.390000, 0.230000, 2028.500000, 0.020000, 0.560000, 0.660000, 2033.500000, -0.220000, 0.390000, 0.230000, 2028.500000, 0.020000, 0.560000, 0.660000, 2011.300000, -0.480000, 0.150000, 0.000000 
265, 1981.300000, -0.870000, -0.070000, -0.170000, 2033.500000, -0.220000, 0.390000, 0.230000, 2028.500000, 0.020000, 0.560000, 0.660000, 2033.500000, -0.220000, 0.390000, 0.230000, 2028.500000, 0.020000, 0.560000, 0.660000, 2033.600000, -0.240000, 0.350000, 0.180000 
311, 2013.200000, -0.460000, 0.120000, -0.270000, 2033.500000, -0.220000, 0.390000, 0.230000, 2033.500000, -0.220000, 0.390000, 0.230000, 2033.500000, -0.220000, 0.390000, 0.230000, 2033.500000, -0.220000, 0.390000, 0.230000, 2016.800000, -0.420000, 0.340000, 0.060000 
312, 2013.200000, -0.460000, 0.120000, -0.270000, 2033.500000, -0.220000, 0.390000, 0.230000, 2033.500000, -0.220000, 0.390000, 0.230000, 2033.500000, -0.220000, 0.390000, 0.230000, 2033.500000, -0.220000, 0.390000, 0.230000, 2034.000000, -0.240000, 0.370000, 0.230000 
313, 2013.200000, -0.460000, 0.120000, -0.270000, 2033.500000, -0.220000, 0.390000, 0.230000, 2033.500000, -0.220000, 0.390000, 0.230000, 2033.500000, -0.220000, 0.390000, 0.230000, 2033.500000, -0.220000, 0.390000, 0.230000, 2013.200000, -0.460000, 0.120000, -0.270000 
314, 2013.200000, -0.460000, 0.120000, -0.270000, 2033.500000, -0.220000, 0.390000, 0.230000, 2033.500000, -0.220000, 0.390000, 0.230000, 2033.500000, -0.220000, 0.390000, 0.230000, 2033.500000, -0.220000, 0.390000, 0.230000, 2011.300000, -0.480000, 0.150000, 0.000000 
315, 2013.200000, -0.460000, 0.120000, -0.270000, 2033.500000, -0.220000, 0.390000, 0.230000, 2033.500000, -0.220000, 0.390000, 0.230000, 2033.500000, -0.220000, 0.390000, 0.230000, 2033.500000, -0.220000, 0.390000, 0.230000, 2033.600000, -0.240000, 0.350000, 0.180000 
321, 2013.200000, -0.460000, 0.120000, -0.270000, 2028.500000, 0.020000, 0.560000, 0.660000, 2028.500000, 0.020000, 0.560000, 0.660000, 2028.500000, 0.020000, 0.560000, 0.660000, 2028.500000, 0.020000, 0.560000, 0.660000, 2016.800000, -0.420000, 0.340000, 0.060000 
322, 2013.200000, -0.460000, 0.120000, -0.270000, 2028.500000, 0.020000, 0.560000, 0.660000, 2028.500000, 0.020000, 0.560000, 0.660000, 2028.500000, 0.020000, 0.560000, 0.660000, 2028.500000, 0.020000, 0.560000, 0.660000, 2034.000000, -0.240000, 0.370000, 0.230000 
323, 2013.200000, -0.460000, 0.120000, -0.270000, 2028.500000, 0.020000, 0.560000, 0.660000, 2028.500000, 0.020000, 0.560000, 0.660000, 2028.500000, 0.020000, 0.560000, 0.660000, 2028.500000, 0.020000, 0.560000, 0.660000, 2013.200000, -0.460000, 0.120000, -0.270000 
324, 2013.200000, -0.460000, 0.120000, -0.270000, 2028.500000, 0.020000, 0.560000, 0.660000, 2028.500000, 0.020000, 0.560000, 0.660000, 2028.500000, 0.020000, 0.560000, 0.660000, 2028.500000, 0.020000, 0.560000, 0.660000, 2011.300000, -0.480000, 0.150000, 0.000000 
331, 2013.200000, -0.460000, 0.120000, -0.270000, 2005.200000, -0.560000, 0.050000, 0.100000, 2005.200000, -0.560000, 0.050000, 0.100000, 2005.200000, -0.560000, 0.050000, 0.100000, 2005.200000, -0.560000, 0.050000, 0.100000, 2016.800000, -0.420000, 0.340000, 0.060000 
332, 2013.200000, -0.460000, 0.120000, -0.270000, 2005.200000, -0.560000, 0.050000, 0.100000, 2005.200000, -0.560000, 0.050000, 0.100000, 2005.200000, -0.560000, 0.050000, 0.100000, 2005.200000, -0.560000, 0.050000, 0.100000, 2034.000000, -0.240000, 0.370000, 0.230000 
333, 2013.200000, -0.460000, 0.120000, -0.270000, 2005.200000, -0.560000, 0.050000, 0.100000, 2005.200000, -0.560000, 0.050000, 0.100000, 2005.200000, -0.560000, 0.050000, 0.100000, 2005.200000, -0.560000, 0.050000, 0.100000, 2013.200000, -0.460000, 0.120000, -0.270000 
334, 2013.200000, -0.460000, 0.120000, -0.270000, 2005.200000, -0.560000, 0.050000, 0.100000, 2005.200000, -0.560000, 0.050000, 0.100000, 2005.200000, -0.560000, 0.050000, 0.100000, 2005.200000, -0.560000, 0.050000, 0.100000, 2011.300000, -0.480000, 0.150000, 0.000000 
335, 2013.200000, -0.460000, 0.120000, -0.270000, 2005.200000, -0.560000, 0.050000, 0.100000, 2005.200000, -0.560000, 0.050000, 0.100000, 2005.200000, -0.560000, 0.050000, 0.100000, 2005.200000, -0.560000, 0.050000, 0.100000, 2033.600000, -0.240000, 0.350000, 0.180000 
341, 2013.200000, -0.460000, 0.120000, -0.270000, 1980.600000, -0.880000, -0.010000, 0.120000, 1980.600000, -0.880000, -0.010000, 0.120000, 1980.600000, -0.880000, -0.010000, 0.120000, 1980.600000, -0.880000, -0.010000, 0.120000, 2016.800000, -0.420000, 0.340000, 0.060000 
342, 2013.200000, -0.460000, 0.120000, -0.270000, 1980.600000, -0.880000, -0.010000, 0.120000, 1980.600000, -0.880000, -0.010000, 0.120000, 1980.600000, -0.880000, -0.010000, 0.120000, 1980.600000, -0.880000, -0.010000, 0.120000, 2034.000000, -0.240000, 0.370000, 0.230000 
343, 2013.200000, -0.460000, 0.120000, -0.270000, 1980.600000, -0.880000, -0.010000, 0.120000, 1980.600000, -0.880000, -0.010000, 0.120000, 1980.600000, -0.880000, -0.010000, 0.120000, 1980.600000, -0.880000, -0.010000, 0.120000, 2013.200000, -0.460000, 0.120000, -0.270000 
344, 2013.200000, -0.460000, 0.120000, -0.270000, 1980.600000, -0.880000, -0.010000, 0.120000, 1980.600000, -0.880000, -0.010000, 0.120000, 1980.600000, -0.880000, -0.010000, 0.120000, 1980.600000, -0.880000, -0.010000, 0.120000, 2011.300000, -0.480000, 0.150000, 0.000000 
345, 2013.200000, -0.460000, 0.120000, -0.270000, 1980.600000, -0.880000, -0.010000, 0.120000, 1980.600000, -0.880000, -0.010000, 0.120000, 1980.600000, -0.880000, -0.010000, 0.120000, 1980.600000, -0.880000, -0.010000, 0.120000, 2033.600000, -0.240000, 0.350000, 0.180000 
351, 2013.200000, -0.460000, 0.120000, -0.270000, 2033.500000, -0.220000, 0.390000, 0.230000, 2028.500000, 0.020000, 0.560000, 0.660000, 2028.500000, 0.020000, 0.560000, 0.660000, 2033.500000, -0.220000, 0.390000, 0.230000, 2016.800000, -0.420000, 0.340000, 0.060000 
352, 2013.200000, -0.460000, 0.120000, -0.270000, 2033.500000, -0.220000, 0.390000, 0.230000, 2028.500000, 0.020000, 0.560000, 0.660000, 2028.500000, 0.020000, 0.560000, 0.660000, 2033.500000, -0.220000, 0.390000, 0.230000, 2034.000000, -0.240000, 0.370000, 0.230000 
353, 2013.200000, -0.460000, 0.120000, -0.270000, 2033.500000, -0.220000, 0.390000, 0.230000, 2028.500000, 0.020000, 0.560000, 0.660000, 2028.500000, 0.020000, 0.560000, 0.660000, 2033.500000, -0.220000, 0.390000, 0.230000, 2013.200000, -0.460000, 0.120000, -0.270000 
354, 2013.200000, -0.460000, 0.120000, -0.270000, 2033.500000, -0.220000, 0.390000, 0.230000, 2028.500000, 0.020000, 0.560000, 0.660000, 2028.500000, 0.020000, 0.560000, 0.660000, 2033.500000, -0.220000, 0.390000, 0.230000, 2011.300000, -0.480000, 0.150000, 0.000000 
355, 2013.200000, -0.460000, 0.120000, -0.270000, 2033.500000, -0.220000, 0.390000, 0.230000, 2028.500000, 0.020000, 0.560000, 0.660000, 2028.500000, 0.020000, 0.560000, 0.660000, 2033.500000, -0.220000, 0.390000, 0.230000, 2033.600000, -0.240000, 0.350000, 0.180000 
361, 2013.200000, -0.460000, 0.120000, -0.270000, 2033.500000, -0.220000, 0.390000, 0.230000, 2028.500000, 0.020000, 0.560000, 0.660000, 2033.500000, -0.220000, 0.390000, 0.230000, 2028.500000, 0.020000, 0.560000, 0.660000, 2016.800000, -0.420000, 0.340000, 0.060000 
362, 2013.200000, -0.460000, 0.120000, -0.270000, 2033.500000, -0.220000, 0.390000, 0.230000, 2028.500000, 0.020000, 0.560000, 0.660000, 2033.500000, -0.220000, 0.390000, 0.230000, 2028.500000, 0.020000, 0.560000, 0.660000, 2034.000000, -0.240000, 0.370000, 0.230000 
363, 2013.200000, -0.460000, 0.120000, -0.270000, 2033.500000, -0.220000, 0.390000, 0.230000, 2028.500000, 0.020000, 0.560000, 0.660000, 2033.500000, -0.220000, 0.390000, 0.230000, 2028.500000, 0.020000, 0.560000, 0.660000, 2013.200000, -0.460000, 0.120000, -0.270000 
364, 2013.200000, -0.460000, 0.120000, -0.270000, 2033.500000, -0.220000, 0.390000, 0.230000, 2028.500000, 0.020000, 0.560000, 0.660000, 2033.500000, -0.220000, 0.390000, 0.230000, 2028.500000, 0.020000, 0.560000, 0.660000, 2011.300000, -0.480000, 0.150000, 0.000000 
365, 2013.200000, -0.460000, 0.120000, -0.270000, 2033.500000, -0.220000, 0.390000, 0.230000, 2028.500000, 0.020000, 0.560000, 0.660000, 2033.500000, -0.220000, 0.390000, 0.230000, 2028.500000, 0.020000, 0.560000, 0.660000, 2033.600000, -0.240000, 0.350000, 0.180000 
411, 2011.300000, -0.480000, 0.150000, 0.000000, 2033.500000, -0.220000, 0.390000, 0.230000, 2033.500000, -0.220000, 0.390000, 0.230000, 2033.500000, -0.220000, 0.390000, 0.230000, 2033.500000, -0.220000, 0.390000, 0.230000, 2016.800000, -0.420000, 0.340000, 0.060000 
412, 2011.300000, -0.480000, 0.150000, 0.000000, 2033.500000, -0.220000, 0.390000, 0.230000, 2033.500000, -0.220000, 0.390000, 0.230000, 2033.500000, -0.220000, 0.390000, 0.230000, 2033.500000, -0.220000, 0.390000, 0.230000, 2034.000000, -0.240000, 0.370000, 0.230000 
413, 2011.300000, -0.480000, 0.150000, 0.000000, 2033.500000, -0.220000, 0.390000, 0.230000, 2033.500000, -0.220000, 0.390000, 0.230000, 2033.500000, -0.220000, 0.390000, 0.230000, 2033.500000, -0.220000, 0.390000, 0.230000, 2013.200000, -0.460000, 0.120000, -0.270000 
414, 2011.300000, -0.480000, 0.150000, 0.000000, 2033.500000, -0.220000, 0.390000, 0.230000, 2033.500000, -0.220000, 0.390000, 0.230000, 2033.500000, -0.220000, 0.390000, 0.230000, 2033.500000, -0.220000, 0.390000, 0.230000, 2011.300000, -0.480000, 0.150000, 0.000000 
415, 2011.300000, -0.480000, 0.150000, 0.000000, 2033.500000, -0.220000, 0.390000, 0.230000, 2033.500000, -0.220000, 0.390000, 0.230000, 2033.500000, -0.220000, 0.390000, 0.230000, 2033.500000, -0.220000, 0.390000, 0.230000, 2033.600000, -0.240000, 0.350000, 0.180000 
421, 2011.300000, -0.480000, 0.150000, 0.000000, 2028.500000, 0.020000, 0.560000, 0.660000, 2028.500000, 0.020000, 0.560000, 0.660000, 2028.500000, 0.020000, 0.560000, 0.660000, 2028.500000, 0.020000, 0.560000, 0.660000, 2016.800000, -0.420000, 0.340000, 0.060000 
422, 2011.300000, -0.480000, 0.150000, 0.000000, 2028.500000, 0.020000, 0.560000, 0.660000, 2028.500000, 0.020000, 0.560000, 0.660000, 2028.500000, 0.020000, 0.560000, 0.660000, 2028.500000, 0.020000, 0.560000, 0.660000, 2034.000000, -0.240000, 0.370000, 0.230000 
423, 2011.300000, -0.480000, 0.150000, 0.000000, 2028.500000, 0.020000, 0.560000, 0.660000, 2028.500000, 0.020000, 0.560000, 0.660000, 2028.500000, 0.020000, 0.560000, 0.660000, 2028.500000, 0.020000, 0.560000, 0.660000, 2013.200000, -0.460000, 0.120000, -0.270000 
424, 2011.300000, -0.480000, 0.150000, 0.000000, 2028.500000, 0.020000, 0.560000, 0.660000, 2028.500000, 0.020000, 0.560000, 0.660000, 2028.500000, 0.020000, 0.560000, 0.660000, 2028.500000, 0.020000, 0.560000, 0.660000, 2011.300000, -0.480000, 0.150000, 0.000000 
425, 2011.300000, -0.480000, 0.150000, 0.000000, 2028.500000, 0.020000, 0.560000, 0.660000, 2028.500000, 0.020000, 0.560000, 0.660000, 2028.500000, 0.020000, 0.560000, 0.660000, 2028.500000, 0.020000, 0.560000, 0.660000, 2033.600000, -0.240000, 0.350000, 0.180000 
431, 2011.300000, -0.480000, 0.150000, 0.000000, 2005.200000, -0.560000, 0.050000, 0.100000, 2005.200000, -0.560000, 0.050000, 0.100000, 2005.200000, -0.560000, 0.050000, 0.100000, 2005.200000, -0.560000, 0.050000, 0.100000, 2016.800000, -0.420000, 0.340000, 0.060000 
432, 2011.300000, -0.480000, 0.150000, 0.000000, 2005.200000, -0.560000, 0.050000, 0.100000, 2005.200000, -0.560000, 0.050000, 0.100000, 2005.200000, -0.560000, 0.050000, 0.100000, 2005.200000, -0.560000, 0.050000, 0.100000, 2034.000000, -0.240000, 0.370000, 0.230000 
433, 2011.300000, -0.480000, 0.150000, 0.000000, 2005.200000, -0.560000, 0.050000, 0.100000, 2005.200000, -0.560000, 0.050000, 0.100000, 2005.200000, -0.560000, 0.050000, 0.100000, 2005.200000, -0.560000, 0.050000, 0.100000, 2013.200000, -0.460000, 0.120000, -0.270000 
434, 2011.300000, -0.480000, 0.150000, 0.000000, 2005.200000, -0.560000, 0.050000, 0.100000, 2005.200000, -0.560000, 0.050000, 0.100000, 2005.200000, -0.560000, 0.050000, 0.100000, 2005.200000, -0.560000, 0.050000, 0.100000, 2011.300000, -0.480000, 0.150000, 0.000000 
435, 2011.300000, -0.480000, 0.150000, 0.000000, 2005.200000, -0.560000, 0.050000, 0.100000, 2005.200000, -0.560000, 0.050000, 0.100000, 2005.200000, -0.560000, 0.050000, 0.100000, 2005.200000, -0.560000, 0.050000, 0.100000, 2033.600000, -0.240000, 0.350000, 0.180000 
441, 2011.300000, -0.480000, 0.150000, 0.000000, 1980.600000, -0.880000, -0.010000, 0.120000, 1980.600000, -0.880000, -0.010000, 0.120000, 1980.600000, -0.880000, -0.010000, 0.120000, 1980.600000, -0.880000, -0.010000, 0.120000, 2016.800000, -0.420000, 0.340000, 0.060000 
442, 2011.300000, -0.480000, 0.150000, 0.000000, 1980.600000, -0.880000, -0.010000, 0.120000, 1980.600000, -0.880000, -0.010000, 0.120000, 1980.600000, -0.880000, -0.010000, 0.120000, 1980.600000, -0.880000, -0.010000, 0.120000, 2034.000000, -0.240000, 0.370000, 0.230000 
443, 2011.300000, -0.480000, 0.150000, 0.000000, 1980.600000, -0.880000, -0.010000, 0.120000, 1980.600000, -0.880000, -0.010000, 0.120000, 1980.600000, -0.880000, -0.010000, 0.120000, 1980.600000, -0.880000, -0.010000, 0.120000, 2013.200000, -0.460000, 0.120000, -0.270000 
444, 2011.300000, -0.480000, 0.150000, 0.000000, 1980.600000, -0.880000, -0.010000, 0.120000, 1980.600000, -0.880000, -0.010000, 0.120000, 1980.600000, -0.880000, -0.010000, 0.120000, 1980.600000, -0.880000, -0.010000, 0.120000, 2011.300000, -0.480000, 0.150000, 0.000000 
445, 2011.300000, -0.480000, 0.150000, 0.000000, 1980.600000, -0.880000, -0.010000, 0.120000, 1980.600000, -0.880000, -0.010000, 0.120000, 1980.600000, -0.880000, -0.010000, 0.120000, 1980.600000, -0.880000, -0.010000, 0.120000, 2033.600000, -0.240000, 0.350000, 0.180000 
451, 2011.300000, -0.480000, 0.150000, 0.000000, 2033.500000, -0.220000, 0.390000, 0.230000, 2028.500000, 0.020000, 0.560000, 0.660000, 2028.500000, 0.020000, 0.560000, 0.660000, 2033.500000, -0.220000, 0.390000, 0.230000, 2016.800000, -0.420000, 0.340000, 0.060000 
452, 2011.300000, -0.480000, 0.150000, 0.000000, 2033.500000, -0.220000, 0.390000, 0.230000, 2028.500000, 0.020000, 0.560000, 0.660000, 2028.500000, 0.020000, 0.560000, 0.660000, 2033.500000, -0.220000, 0.390000, 0.230000, 2034.000000, -0.240000, 0.370000, 0.230000 
453, 2011.300000, -0.480000, 0.150000, 0.000000, 2033.500000, -0.220000, 0.390000, 0.230000, 2028.500000, 0.020000, 0.560000, 0.660000, 2028.500000, 0.020000, 0.560000, 0.660000, 2033.500000, -0.220000, 0.390000, 0.230000, 2013.200000, -0.460000, 0.120000, -0.270000 
454, 2011.300000, -0.480000, 0.150000, 0.000000, 2033.500000, -0.220000, 0.390000, 0.230000, 2028.500000, 0.020000, 0.560000, 0.660000, 2028.500000, 0.020000, 0.560000, 0.660000, 2033.500000, -0.220000, 0.390000, 0.230000, 2011.300000, -0.480000, 0.150000, 0.000000 
455, 2011.300000, -0.480000, 0.150000, 0.000000, 2033.500000, -0.220000, 0.390000, 0.230000, 2028.500000, 0.020000, 0.560000, 0.660000, 2028.500000, 0.020000, 0.560000, 0.660000, 2033.500000, -0.220000, 0.390000, 0.230000, 2033.600000, -0.240000, 0.350000, 0.180000 
461, 2011.300000, -0.480000, 0.150000, 0.000000, 2033.500000, -0.220000, 0.390000, 0.230000, 2028.500000, 0.020000, 0.560000, 0.660000, 2033.500000, -0.220000, 0.390000, 0.230000, 2028.500000, 0.020000, 0.560000, 0.660000, 2016.800000, -0.420000, 0.340000, 0.060000 
462, 2011.300000, -0.480000, 0.150000, 0.000000, 2033.500000, -0.220000, 0.390000, 0.230000, 2028.500000, 0.020000, 0.560000, 0.660000, 2033.500000, -0.220000, 0.390000, 0.230000, 2028.500000, 0.020000, 0.560000, 0.660000, 2034.000000, -0.240000, 0.370000, 0.230000 
463, 2011.300000, -0.480000, 0.150000, 0.000000, 2033.500000, -0.220000, 0.390000, 0.230000, 2028.500000, 0.020000, 0.560000, 0.660000, 2033.500000, -0.220000, 0.390000, 0.230000, 2028.500000, 0.020000, 0.560000, 0.660000, 2013.200000, -0.460000, 0.120000, -0.270000 
464, 2011.300000, -0.480000, 0.150000, 0.000000, 2033.500000, -0.220000, 0.390000, 0.230000, 2028.500000, 0.020000, 0.560000, 0.660000, 2033.500000, -0.220000, 0.390000, 0.230000, 2028.500000, 0.020000, 0.560000, 0.660000, 2011.300000, -0.480000, 0.150000, 0.000000 
465, 2011.300000, -0.480000, 0.150000, 0.000000, 2033.500000, -0.220000, 0.390000, 0.230000, 2028.500000, 0.020000, 0.560000, 0.660000, 2033.500000, -0.220000, 0.390000, 0.230000, 2028.500000, 0.020000, 0.560000, 0.660000, 2033.600000, -0.240000, 0.350000, 0.180000 
511, 2033.600000, -0.240000, 0.350000, 0.180000, 2033.500000, -0.220000, 0.390000, 0.230000, 2033.500000, -0.220000, 0.390000, 0.230000, 2033.500000, -0.220000, 0.390000, 0.230000, 2033.500000, -0.220000, 0.390000, 0.230000, 2016.800000, -0.420000, 0.340000, 0.060000 
512, 2033.600000, -0.240000, 0.350000, 0.180000, 2033.500000, -0.220000, 0.390000, 0.230000, 2033.500000, -0.220000, 0.390000, 0.230000, 2033.500000, -0.220000, 0.390000, 0.230000, 2033.500000, -0.220000, 0.390000, 0.230000, 2034.000000, -0.240000, 0.370000, 0.230000 
513, 2033.600000, -0.240000, 0.350000, 0.180000, 2033.500000, -0.220000, 0.390000, 0.230000, 2033.500000, -0.220000, 0.390000, 0.230000, 2033.500000, -0.220000, 0.390000, 0.230000, 2033.500000, -0.220000, 0.390000, 0.230000, 2013.200000, -0.460000, 0.120000, -0.270000 
515, 2033.600000, -0.240000, 0.350000, 0.180000, 2033.500000, -0.220000, 0.390000, 0.230000, 2033.500000, -0.220000, 0.390000, 0.230000, 2033.500000, -0.220000, 0.390000, 0.230000, 2033.500000, -0.220000, 0.390000, 0.230000, 2033.600000, -0.240000, 0.350000, 0.180000 
521, 2033.600000, -0.240000, 0.350000, 0.180000, 2028.500000, 0.020000, 0.560000, 0.660000, 2028.500000, 0.020000, 0.560000, 0.660000, 2028.500000, 0.020000, 0.560000, 0.660000, 2028.500000, 0.020000, 0.560000, 0.660000, 2016.800000, -0.420000, 0.340000, 0.060000 
522, 2033.600000, -0.240000, 0.350000, 0.180000, 2028.500000, 0.020000, 0.560000, 0.660000, 2028.500000, 0.020000, 0.560000, 0.660000, 2028.500000, 0.020000, 0.560000, 0.660000, 2028.500000, 0.020000, 0.560000, 0.660000, 2034.000000, -0.240000, 0.370000, 0.230000 
523, 2033.600000, -0.240000, 0.350000, 0.180000, 2028.500000, 0.020000, 0.560000, 0.660000, 2028.500000, 0.020000, 0.560000, 0.660000, 2028.500000, 0.020000, 0.560000, 0.660000, 2028.500000, 0.020000, 0.560000, 0.660000, 2013.200000, -0.460000, 0.120000, -0.270000 
524, 2033.600000, -0.240000, 0.350000, 0.180000, 2028.500000, 0.020000, 0.560000, 0.660000, 2028.500000, 0.020000, 0.560000, 0.660000, 2028.500000, 0.020000, 0.560000, 0.660000, 2028.500000, 0.020000, 0.560000, 0.660000, 2011.300000, -0.480000, 0.150000, 0.000000 
525, 2033.600000, -0.240000, 0.350000, 0.180000, 2028.500000, 0.020000, 0.560000, 0.660000, 2028.500000, 0.020000, 0.560000, 0.660000, 2028.500000, 0.020000, 0.560000, 0.660000, 2028.500000, 0.020000, 0.560000, 0.660000, 2033.600000, -0.240000, 0.350000, 0.180000 
531, 2033.600000, -0.240000, 0.350000, 0.180000, 2005.200000, -0.560000, 0.050000, 0.100000, 2005.200000, -0.560000, 0.050000, 0.100000, 2005.200000, -0.560000, 0.050000, 0.100000, 2005.200000, -0.560000, 0.050000, 0.100000, 2016.800000, -0.420000, 0.340000, 0.060000 
532, 2033.600000, -0.240000, 0.350000, 0.180000, 2005.200000, -0.560000, 0.050000, 0.100000, 2005.200000, -0.560000, 0.050000, 0.100000, 2005.200000, -0.560000, 0.050000, 0.100000, 2005.200000, -0.560000, 0.050000, 0.100000, 2034.000000, -0.240000, 0.370000, 0.230000 
533, 2033.600000, -0.240000, 0.350000, 0.180000, 2005.200000, -0.560000, 0.050000, 0.100000, 2005.200000, -0.560000, 0.050000, 0.100000, 2005.200000, -0.560000, 0.050000, 0.100000, 2005.200000, -0.560000, 0.050000, 0.100000, 2013.200000, -0.460000, 0.120000, -0.270000 
534, 2033.600000, -0.240000, 0.350000, 0.180000, 2005.200000, -0.560000, 0.050000, 0.100000, 2005.200000, -0.560000, 0.050000, 0.100000, 2005.200000, -0.560000, 0.050000, 0.100000, 2005.200000, -0.560000, 0.050000, 0.100000, 2011.300000, -0.480000, 0.150000, 0.000000 
535, 2033.600000, -0.240000, 0.350000, 0.180000, 2005.200000, -0.560000, 0.050000, 0.100000, 2005.200000, -0.560000, 0.050000, 0.100000, 2005.200000, -0.560000, 0.050000, 0.100000, 2005.200000, -0.560000, 0.050000, 0.100000, 2033.600000, -0.240000, 0.350000, 0.180000 
541, 2033.600000, -0.240000, 0.350000, 0.180000, 1980.600000, -0.880000, -0.010000, 0.120000, 1980.600000, -0.880000, -0.010000, 0.120000, 1980.600000, -0.880000, -0.010000, 0.120000, 1980.600000, -0.880000, -0.010000, 0.120000, 2016.800000, -0.420000, 0.340000, 0.060000 
542, 2033.600000, -0.240000, 0.350000, 0.180000, 1980.600000, -0.880000, -0.010000, 0.120000, 1980.600000, -0.880000, -0.010000, 0.120000, 1980.600000, -0.880000, -0.010000, 0.120000, 1980.600000, -0.880000, -0.010000, 0.120000, 2034.000000, -0.240000, 0.370000, 0.230000 
543, 2033.600000, -0.240000, 0.350000, 0.180000, 1980.600000, -0.880000, -0.010000, 0.120000, 1980.600000, -0.880000, -0.010000, 0.120000, 1980.600000, -0.880000, -0.010000, 0.120000, 1980.600000, -0.880000, -0.010000, 0.120000, 2013.200000, -0.460000, 0.120000, -0.270000 
544, 2033.600000, -0.240000, 0.350000, 0.180000, 1980.600000, -0.880000, -0.010000, 0.120000, 1980.600000, -0.880000, -0.010000, 0.120000, 1980.600000, -0.880000, -0.010000, 0.120000, 1980.600000, -0.880000, -0.010000, 0.120000, 2011.300000, -0.480000, 0.150000, 0.000000 
545, 2033.600000, -0.240000, 0.350000, 0.180000, 1980.600000, -0.880000, -0.010000, 0.120000, 1980.600000, -0.880000, -0.010000, 0.120000, 1980.600000, -0.880000, -0.010000, 0.120000, 1980.600000, -0.880000, -0.010000, 0.120000, 2033.600000, -0.240000, 0.350000, 0.180000 
551, 2033.600000, -0.240000, 0.350000, 0.180000, 2033.500000, -0.220000, 0.390000, 0.230000, 2028.500000, 0.020000, 0.560000, 0.660000, 2028.500000, 0.020000, 0.560000, 0.660000, 2033.500000, -0.220000, 0.390000, 0.230000, 2016.800000, -0.420000, 0.340000, 0.060000 
552, 2033.600000, -0.240000, 0.350000, 0.180000, 2033.500000, -0.220000, 0.390000, 0.230000, 2028.500000, 0.020000, 0.560000, 0.660000, 2028.500000, 0.020000, 0.560000, 0.660000, 2033.500000, -0.220000, 0.390000, 0.230000, 2034.000000, -0.240000, 0.370000, 0.230000 
553, 2033.600000, -0.240000, 0.350000, 0.180000, 2033.500000, -0.220000, 0.390000, 0.230000, 2028.500000, 0.020000, 0.560000, 0.660000, 2028.500000, 0.020000, 0.560000, 0.660000, 2033.500000, -0.220000, 0.390000, 0.230000, 2013.200000, -0.460000, 0.120000, -0.270000 
554, 2033.600000, -0.240000, 0.350000, 0.180000, 2033.500000, -0.220000, 0.390000, 0.230000, 2028.500000, 0.020000, 0.560000, 0.660000, 2028.500000, 0.020000, 0.560000, 0.660000, 2033.500000, -0.220000, 0.390000, 0.230000, 2011.300000, -0.480000, 0.150000, 0.000000 
555, 2033.600000, -0.240000, 0.350000, 0.180000, 2033.500000, -0.220000, 0.390000, 0.230000, 2028.500000, 0.020000, 0.560000, 0.660000, 2028.500000, 0.020000, 0.560000, 0.660000, 2033.500000, -0.220000, 0.390000, 0.230000, 2033.600000, -0.240000, 0.350000, 0.180000 
561, 2033.600000, -0.240000, 0.350000, 0.180000, 2033.500000, -0.220000, 0.390000, 0.230000, 2028.500000, 0.020000, 0.560000, 0.660000, 2033.500000, -0.220000, 0.390000, 0.230000, 2028.500000, 0.020000, 0.560000, 0.660000, 2016.800000, -0.420000, 0.340000, 0.060000 
562, 2033.600000, -0.240000, 0.350000, 0.180000, 2033.500000, -0.220000, 0.390000, 0.230000, 2028.500000, 0.020000, 0.560000, 0.660000, 2033.500000, -0.220000, 0.390000, 0.230000, 2028.500000, 0.020000, 0.560000, 0.660000, 2034.000000, -0.240000, 0.370000, 0.230000 
563, 2033.600000, -0.240000, 0.350000, 0.180000, 2033.500000, -0.220000, 0.390000, 0.230000, 2028.500000, 0.020000, 0.560000, 0.660000, 2033.500000, -0.220000, 0.390000, 0.230000, 2028.500000, 0.020000, 0.560000, 0.660000, 2013.200000, -0.460000, 0.120000, -0.270000 
564, 2033.600000, -0.240000, 0.350000, 0.180000, 2033.500000, -0.220000, 0.390000, 0.230000, 2028.500000, 0.020000, 0.560000, 0.660000, 2033.500000, -0.220000, 0.390000, 0.230000, 2028.500000, 0.020000, 0.560000, 0.660000, 2011.300000, -0.480000, 0.150000, 0.000000 
565, 2033.600000, -0.240000, 0.350000, 0.180000, 2033.500000, -0.220000, 0.390000, 0.230000, 2028.500000, 0.020000, 0.560000, 0.660000, 2033.500000, -0.220000, 0.390000, 0.230000, 2028.500000, 0.020000, 0.560000, 0.660000, 2033.600000, -0.240000, 0.350000, 0.180000 
