13,281.107,110.198,187.443,0,0,0,0.889,2.981,44.723,0.889,2.981,35.321,0.359856,0.448916,0.447972,0.419072,-1.2258,-0.9942,-0.4782,1.6491,0.854066,-0.19869,-0.0622,-1928.447236,54,0.521379,-0.021705,0.11096,-1.310433,-0.642652,-0.052552,2.031424514,-0.13649
52,219.93,91.174,178.406,0,0,0,0.889,2.981,45.251,0.889,2.981,36.202,0.266659,0.351425,0.350481,0.325469,-12.6218,-3.1196,-0.3092,13.0053,0.710571,-0.24,-0.1056,-6481.206454,43,0.875396,-0.031489,-0.05399,-0.871873,0.66518,-0.433287,2.005902378,-0.1344
147,195.792,89.614,184.837,0,0,0,0.889,2.981,45.731,0.889,2.981,37.834,0.225137,0.312959,0.312015,0.287169,-7.7961,-2.8991,4.5821,9.4963,0.799333,-0.23126,-0.1127,-6739.102189,40,1.569996,-0.125916,-0.016892,0.011415,1.003234,0.239846,2.23139736,-0.11856
129,230.642,99.722,183.063,0,0,0,0.889,2.981,45.334,0.889,2.981,37.226,0.281517,0.368496,0.367552,0.340602,-3.3087,9.1821,-6.8384,11.9173,0.651389,-0.22618,-0.11232,-1754.770909,46,1.74097,-0.220851,-0.185079,0.528686,1.274361,-0.06604,2.43740648,-0.11386
137,272.658,120.25,201.522,0,0,0,0.889,2.981,45.611,0.889,2.981,37.799,0.339703,0.435452,0.434508,0.403038,-6.3554,5.3408,1.6737,8.4685,0.375884,-0.18872,-0.06222,-2111.777316,54,-1.580039,-0.091409,0.053249,0.072771,0.860842,-0.270426,2.131981433,-0.1265
40,229.743,90.69,164.819,0,0,0,0.889,2.981,45.185,0.889,2.981,35.956,0.288752,0.367063,0.366119,0.342379,-11.9907,2.2808,6.2989,13.7352,0.963257,-0.22435,-0.10266,-1356.741437,45,0.475192,0.312285,0.087764,-1.056224,-0.849698,0.245022,2.246251088,-0.12169
2,190.438,83.937,169.797,0,0,0,0.889,2.981,45.651,0.889,2.981,36.597,0.223751,0.304426,0.303482,0.280339,4.8517,-5.9217,-3.4592,8.4007,0.631182,-0.21604,-0.11495,-11404.08784,38,0.015703,3.582808,0.957727,-0.372528,-0.932669,-2.320299,6.397639282,-0.10109
23,228.454,93.217,178.605,0,0,0,0.889,2.981,45.166,0.889,2.981,35.83,0.280148,0.365009,0.364065,0.338567,3.6832,0.2985,-8.515,9.2822,0.936599,-0.21952,-0.08634,-6096.88258,44,-0.160796,-0.064914,0.23087,1.669319,0.594006,0.282222,2.053697165,-0.13318
15,254.213,101.894,173.652,0,0,0,0.889,2.981,45.214,0.889,2.981,35.812,0.323552,0.406059,0.405115,0.379133,-3.9167,-0.9428,1.3687,4.2547,0.841746,-0.20023,-0.07719,-2111.208049,50,0.214382,0.189618,0.046969,-1.393889,-0.876681,0.124861,2.204659322,-0.12304
68,260.248,102.387,184.367,0,0,0,0.889,2.981,44.779,0.889,2.981,35.818,0.328078,0.415676,0.414732,0.387348,-13.471,-2.5773,3.7451,14.2174,0.934674,-0.23388,-0.0916,-1249.126181,50,0.869057,0.124068,-0.082489,-0.401414,-1.272344,-0.254884,2.348197076,-0.14228
146,194.884,84.989,166.288,0,0,0,0.889,2.981,45.667,0.889,2.981,37.76,0.232502,0.311511,0.310567,0.287929,-8.1204,-2.9137,4.0642,9.5367,1.034348,-0.22844,-0.10457,-6378.807292,40,1.645649,-0.065143,-0.00736,0.027487,0.986976,0.235162,2.198262277,-0.12387
12,254.721,104.013,179.45,0,0,0,0.889,2.981,44.745,0.889,2.981,35.302,0.321605,0.406867,0.405923,0.378896,-4.478,0.0167,2.6049,5.1806,0.70458,-0.20844,-0.07993,-2273.48576,50,0.522899,-0.013479,-0.197753,-1.280775,-0.681577,-0.024717,2.036160547,-0.12851
101,273.352,108.135,179.154,0,0,0,0.889,2.981,44.906,0.889,2.981,36.293,0.351437,0.436559,0.435615,0.40835,4.6289,-0.6218,2.5068,5.3007,0.972105,-0.19508,-0.06373,-2350.55977,54,-1.213733,-0.027716,-0.180065,-0.179129,-1.176327,-1.755541,1.925881589,-0.13135
10,209.922,86.657,162.408,0,0,0,0.889,2.981,45.118,0.889,2.981,35.893,0.258311,0.335476,0.334532,0.311739,-12.0738,-0.9819,-0.3675,12.1192,0.920708,-0.21901,-0.1035,-1317.367619,42,-0.349081,-0.159476,0.156751,-2.113621,-0.07533,0.131547,1.768548136,-0.11551
150,195.339,92.651,191.496,0,0,0,0.889,2.981,46.075,0.889,2.981,39.037,0.221251,0.312237,0.311293,0.285199,9.47,5.7936,3.0717,11.5188,0.357356,-0.20436,-0.10687,-6576.782811,40,-0.218393,0.740042,0.125963,1.406,-0.276506,0.496602,2.169191622,-0.09749
144,215.926,93.44,182.703,0,0,0,0.889,2.981,45.779,0.889,2.981,38.615,0.258236,0.345045,0.3441,0.318253,-3.5812,3.6615,-1.1657,5.2526,0.746913,-0.21411,-0.08425,-6716.888654,44,1.046591,0.924832,0.043678,-0.709779,0.665577,-0.001865,1.794230166,-0.12986
1,190.989,82.996,171.359,0,0,0,0.889,2.981,45.585,0.889,2.981,36.396,0.223886,0.305304,0.30436,0.281409,4.8044,-5.7809,2.9845,8.0876,0.87825,-0.21988,-0.09252,-11043.78364,38,2.379399,2.469303,-1.304532,0.058356,-2.45177,-1.86039,7.336290585,-0.12736
39,253.184,95.225,163.784,0,0,0,0.889,2.981,44.778,0.889,2.981,35.692,0.326599,0.404418,0.403474,0.379145,-11.2597,2.0304,1.2692,11.5114,0.697797,-0.21845,-0.10247,-1496.860755,49,0.735258,-0.070659,-0.066121,-0.958403,0.916365,0.169447,2.194748354,-0.11598
141,195.134,87.863,172.633,0,0,0,0.889,2.981,45.667,0.889,2.981,37.541,0.229886,0.31191,0.310966,0.286989,-12.7911,3.7028,-0.0653,13.3164,0.903878,-0.227,-0.11994,-6378.769538,40,1.792687,-0.225823,0.044709,0.097404,0.743335,0.261793,2.180027272,-0.10706
4,215.548,91.959,181.41,0,0,0,0.889,2.981,45.699,0.889,2.981,36.702,0.258249,0.344442,0.343498,0.317852,1.3922,-3.3563,-2.5676,4.4492,0.612197,-0.20425,-0.10639,-11381.95469,42,1.857661,3.132385,0.557551,-0.62827,-0.867715,-2.24752,6.179114253,-0.09786
99,255.52,104.856,186.011,0,0,0,0.889,2.981,44.948,0.889,2.981,36.265,0.319762,0.408141,0.407197,0.379197,-6.6535,6.71,-2.1176,9.6839,0.793128,-0.20293,-0.09633,-1894.953374,50,0.945055,-0.253603,-0.241682,-0.160495,1.189977,0.337783,2.321656141,-0.1066
140,272.845,119.842,197.039,0,0,0,0.889,2.981,45.968,0.889,2.981,38.143,0.34213,0.43575,0.434806,0.403849,7.4761,3.3269,1.0028,8.2442,0.489517,-0.18175,-0.0603,-1949.503667,54,1.152084,-0.194344,0.04687,-0.367805,0.893385,-0.452925,2.162491925,-0.12145
16,279.965,115.073,186.461,0,0,0,0.889,2.981,44.959,0.889,2.981,35.842,0.358503,0.447097,0.446153,0.416971,3.701,0.8356,4.0109,5.5211,0.6495,-0.19057,-0.05863,-1454.308328,54,0.491875,-0.046315,0.088494,1.959367,1.240468,-0.977976,2.337766829,-0.13194
139,298.855,132.02,219.687,0,0,0,0.889,2.981,45.66,0.889,2.981,37.881,0.37282,0.4772,0.476256,0.441089,-8.8119,5.5586,-0.286,10.4225,0.306744,-0.18032,-0.0655,-2089.63926,58,-1.494566,-0.165715,0.099591,0.146644,0.819507,-0.269972,2.152880638,-0.11482
33,234.747,93.825,186.417,0,0,0,0.889,2.981,45.691,0.889,2.981,36.892,0.286464,0.375037,0.374093,0.348075,-4.6288,-2.2063,-1.9344,5.4805,1.013518,-0.20855,-0.08275,-11098.36494,45,-1.843298,2.698466,1.918603,-0.543145,-1.925257,0.574611,6.666935322,-0.1258
3,217.098,89.85,179.065,0,0,0,0.889,2.981,45.634,0.889,2.981,36.563,0.261833,0.346912,0.345968,0.320988,4.2687,-2.2123,0.4482,4.8288,0.934941,-0.20635,-0.07582,-11059.04134,42,2.143972,2.509421,-1.49066,-0.578316,-1.178111,-1.727563,5.882740557,-0.13053
7,211.891,86.901,158.109,0,0,0,0.889,2.981,44.633,0.889,2.981,35.087,0.263491,0.338613,0.337669,0.315092,10.833,-7.7513,4.1233,13.9441,0.810554,-0.2276,-0.1126,-1479.708225,42,-0.60657,0.155982,-0.038459,1.001842,-0.906624,0.298074,2.201193355,-0.115
103,300.937,121.682,210.424,0,0,0,0.889,2.981,44.969,0.889,2.981,36.408,0.380539,0.480518,0.479574,0.447164,-1.0191,-0.2898,1.3738,1.7349,0.849009,-0.1909,-0.06301,-2365.812934,58,1.094378,-0.073791,-0.067104,-0.418098,1.144785,0.052363,2.292910505,-0.12789
78,328.452,133.097,217.074,0,0,0,0.889,2.981,45.167,0.889,2.981,36.616,0.421227,0.524366,0.523422,0.488395,4.9949,1.595,4.7593,7.0813,0.524123,-0.18419,-0.04229,-1584.006725,62,0.695358,0.057234,0.057122,-0.96895,0.874349,-0.462556,2.026147814,-0.1419
66,233.731,92.98,162.308,0,0,0,0.889,2.981,44.712,0.889,2.981,35.732,0.2963,0.373417,0.372473,0.348667,-12.9859,7.2818,5.8221,15.9861,1.080805,-0.21378,-0.09659,-1233.858153,46,1.09417,-0.228779,-0.102772,1.357661,1.104384,-1.81023,1.903700259,-0.11719
143,222.97,97.35,186.283,0,0,0,0.889,2.981,45.715,0.889,2.981,37.763,0.267761,0.35627,0.355326,0.328476,5.7374,-0.0018,-5.0896,7.6696,0.935828,-0.22223,-0.08211,-6394.073535,44,-1.330762,0.080645,0.382817,0.169382,1.310666,0.548688,2.297027501,-0.14012
74,300.509,116.904,189.925,0,0,0,0.889,2.981,44.969,0.889,2.981,36.224,0.389597,0.479836,0.478892,0.448803,5.1606,3.8406,3.2029,7.1862,0.69296,-0.19031,-0.06374,-2365.812792,58,-0.900398,-0.083457,0.011959,0.774355,0.897516,0.265502,2.174721514,-0.12657
17,279.634,119.373,197.118,0,0,0,0.889,2.981,45.04,0.889,2.981,35.907,0.352912,0.446569,0.445625,0.414511,1.8628,-3.6726,5.516,6.8836,0.366615,-0.18777,-0.05971,-1814.590368,54,0.480295,0.055968,0.041935,-1.366454,-0.457421,-0.215015,1.984343317,-0.12806
64,237.319,101.142,196.675,0,0,0,0.889,2.981,45.817,0.889,2.981,37.42,0.28569,0.379137,0.378193,0.349944,-9.1424,-6.5429,-5.9842,12.7359,0.653894,-0.19781,-0.12353,-11496.39303,46,0.419113,3.831184,1.465789,-0.581435,-1.661451,1.189636,7.831933017,-0.07428
58,245.081,95.573,175.731,0,0,0,0.889,2.981,45.232,0.889,2.981,36.344,0.30801,0.391506,0.390562,0.365002,9.4161,0.2705,3.1054,9.9187,0.978322,-0.19494,-0.07305,-6136.141182,47,-0.29457,-0.043581,-0.234856,1.087715,-0.010612,1.152219,1.383071123,-0.12189
118,247.864,102.762,195.645,0,0,0,0.889,2.981,45.379,0.889,2.981,36.887,0.302983,0.395941,0.394996,0.366602,-8.8186,-3.6968,1.374,9.6604,0.907905,-0.20386,-0.08275,-6534.246513,48,0.948201,0.111141,0.026679,-0.665329,-0.36223,-0.954967,1.746894178,-0.12111
98,259.201,105.986,189.837,0,0,0,0.889,2.981,44.864,0.889,2.981,36.189,0.323809,0.414007,0.413063,0.384412,12.9962,-2.0705,-2.3628,13.3705,0.869846,-0.21156,-0.08328,-1572.060447,50,-1.156856,0.102206,0.071248,0.340997,-1.11224,0.241504,2.278886084,-0.12828
125,184.249,86.704,177.394,0,0,0,0.889,2.981,46.427,0.889,2.981,38.559,0.210279,0.294564,0.29362,0.269333,1.191,-5.4811,-3.9544,6.8628,0.57773,-0.21389,-0.12053,-11538.9896,38,0.99543,2.725653,1.412401,-1.468174,-0.528534,-2.267965,5.220039342,-0.09336
119,245.952,104.546,191.1,0,0,0,0.889,2.981,45.449,0.889,2.981,37.154,0.302096,0.392893,0.391949,0.36347,-7.3741,-0.9192,-2.0021,7.6962,0.55021,-0.19532,-0.10286,-6857.118093,48,0.600466,-0.494632,0.388187,-1.290482,-0.927289,0.360249,1.987477924,-0.09246
59,243.206,100.372,187.42,0,0,0,0.889,2.981,45.306,0.889,2.981,36.503,0.299469,0.388518,0.387574,0.360106,8.9538,0.251,1.7271,9.1223,0.465395,-0.20773,-0.10675,-6459.041128,47,-0.131883,-0.322768,-0.202636,1.544209,0.643867,-0.097982,2.162880218,-0.10098
65,211.269,91.291,185.836,0,0,0,0.889,2.981,46.11,0.889,2.981,37.465,0.249325,0.337622,0.336678,0.311107,-12.0897,-3.8511,2.4752,12.9274,0.605985,-0.21243,-0.1,-11356.243,42,-0.2643,2.297868,-2.678156,-0.757749,1.678243,2.185166,1.005665052,-0.11243
71,273.715,102.721,164.838,0,0,0,0.889,2.981,44.822,0.889,2.981,35.946,0.358818,0.437137,0.436193,0.411054,5.4346,0.7084,-2.7308,6.1232,0.96613,-0.19615,-0.06114,-2027.633233,54,-1.014457,0.013506,0.193133,0.005325,1.342174,1.631125,2.13791315,-0.13501
133,274.151,110.813,189.457,0,0,0,0.889,2.981,45.352,0.889,2.981,37.331,0.347814,0.437832,0.436888,0.407987,0.7421,-1.8328,0.1117,1.9805,0.887118,-0.20418,-0.0596,-2225.634363,54,1.657633,0.101189,-0.116906,0.235284,-1.200042,-0.204147,2.32582908,-0.14458
127,203.833,86.348,159.9,0,0,0,0.889,2.981,45.279,0.889,2.981,37.157,0.249799,0.325773,0.324828,0.302353,11.4153,1.4135,-7.4746,13.7177,0.801118,-0.23407,-0.11332,-1776.900501,42,-1.862219,0.116046,0.059493,-0.329781,-1.055999,0.052984,2.25737573,-0.12075
107,300.2,132.644,220.834,0,0,0,0.889,2.981,45.261,0.889,2.981,36.9,0.374418,0.479343,0.478399,0.443082,-4.3008,3.6071,0.808,5.6711,0.362219,-0.18113,-0.05834,-2251.956512,58,-0.996492,-0.0781,0.063272,0.676818,0.810172,-0.333863,2.092372015,-0.12279
37,230.539,92.154,166.53,0,0,0,0.889,2.981,44.712,0.889,2.981,35.471,0.289207,0.368331,0.367387,0.343233,12.8174,-3.1227,8.7209,15.8143,0.817294,-0.23248,-0.10848,-1519.007676,45,-0.849905,-0.050207,-0.08242,0.841594,0.876416,-0.029323,2.139726439,-0.124
54,241.759,97.584,185.158,0,0,0,0.889,2.981,45.306,0.889,2.981,36.639,0.298237,0.386212,0.385268,0.358513,-2.7269,-0.6685,1.3824,3.1296,0.681861,-0.20974,-0.09722,-6459.007228,47,0.174588,0.026591,-0.083704,-1.599652,-0.047075,-0.127063,1.777295962,-0.11252
29,224.803,89.392,169.776,0,0,0,0.889,2.981,45.242,0.889,2.981,36.192,0.278524,0.359191,0.358247,0.334408,-5.3555,0.2617,-3.4104,6.3546,0.550956,-0.20591,-0.10361,-6419.751018,44,-0.050815,-0.447716,0.357003,-1.942386,-0.800688,0.133982,1.956328018,-0.1023
126,205.13,87.022,159.015,0,0,0,0.889,2.981,45.204,0.889,2.981,36.997,0.252287,0.32784,0.326896,0.304402,8.9422,7.2317,-5.0951,12.5786,1.08416,-0.22519,-0.10189,-1416.603283,42,-1.919705,-0.248471,0.11878,-2.18421,1.084698,1.824591,1.903849275,-0.1233
132,249.123,108.457,191.504,0,0,0,0.889,2.981,45.37,0.889,2.981,37.332,0.306958,0.397947,0.397003,0.368343,-3.0293,-1.4838,1.4316,3.6644,0.706483,-0.20841,-0.08114,-2570.671782,50,1.711132,0.09186,-0.129678,0.242352,-1.164382,-0.17451,2.305125292,-0.12727
72,276.049,111.042,185.039,0,0,0,0.889,2.981,44.906,0.889,2.981,36.054,0.352938,0.440856,0.439911,0.411295,5.8077,0.3642,-2.775,6.4469,0.699149,-0.20068,-0.07749,-2387.925579,54,-0.925885,0.062792,0.143053,0.610946,-1.11042,0.11733,2.261570763,-0.12319
62,212.706,92.585,184.467,0,0,0,0.889,2.981,45.77,0.889,2.981,37.196,0.252267,0.339913,0.338969,0.313237,7.0139,-5.1769,5.1063,10.103,0.840976,-0.21238,-0.09826,-11518.54855,42,1.338761,3.337552,-1.465305,0.565946,-1.60422,-1.04558,7.031320219,-0.11412
60,218.228,92.746,188.125,0,0,0,0.889,2.981,45.651,0.889,2.981,37.827,0.259329,0.348713,0.347769,0.321952,-16.1602,2.2656,-0.6511,16.3312,0.50176,-0.21059,-0.10211,-6318.885494,43,-1.354589,-0.520897,-0.20904,-3.165079,-0.471139,0.457208,1.811856991,-0.10848
76,301.327,122.216,195.176,0,0,0,0.889,2.981,45.109,0.889,2.981,36.537,0.388404,0.481139,0.480195,0.449244,2.3065,-0.2498,4.0087,4.6317,0.63991,-0.18358,-0.05456,-1568.748049,58,0.880089,-0.021623,0.043064,1.832422,1.814664,-0.775264,2.766014829,-0.12902
136,273.132,115.816,190.313,0,0,0,0.889,2.981,45.544,0.889,2.981,37.754,0.345784,0.436208,0.435264,0.405744,6.4772,0.0912,3.0206,7.1475,0.654627,-0.19191,-0.06198,-1751.49564,54,1.632004,0.026794,0.016409,2.184698,2.141606,-0.390343,3.041435557,-0.12993
89,245.978,96.844,174.721,0,0,0,0.889,2.981,45.379,0.889,2.981,36.84,0.309919,0.392935,0.39199,0.366361,-7.2673,1.6297,-3.8761,8.396,0.538876,-0.19669,-0.10269,-6534.191193,48,0.416045,-0.534461,0.36432,-1.454347,-1.049731,0.33423,2.007329714,-0.094
105,272.282,110.457,189.466,0,0,0,0.889,2.981,45.423,0.889,2.981,36.801,0.344832,0.434854,0.43391,0.405236,-9.1558,-0.2913,-1.0291,9.218,0.72044,-0.19423,-0.0796,-2548.567747,54,0.550106,0.075061,0.057747,-0.696556,-1.271365,-0.500775,2.275937629,-0.11463
109,324.48,138.471,219.743,0,0,0,0.889,2.981,45.316,0.889,2.981,36.983,0.413628,0.518035,0.517091,0.480629,-6.1393,3.684,-2.0361,7.4437,0.278446,-0.17621,-0.05939,-2229.817187,62,-0.905738,-0.150472,0.155962,0.745157,0.79471,-0.276875,2.124192159,-0.11682
11,253.938,98.743,163.945,0,0,0,0.889,2.981,44.656,0.889,2.981,35.172,0.327725,0.40562,0.404676,0.380208,4.2032,0.0456,2.478,4.8795,0.987443,-0.20525,-0.06335,-1913.192879,50,-0.550372,0.071965,-0.284961,0.178031,-1.876967,-1.03183,2.850831951,-0.1419
44,296.107,111.734,181.321,0,0,0,0.889,2.981,44.886,0.889,2.981,35.859,0.386669,0.472821,0.471876,0.44355,-3.952,2.9765,-2.1741,5.4041,0.713962,-0.19458,-0.06667,-2290.662782,57,0.701781,-0.060952,-0.007026,-1.011248,0.831162,-0.285388,2.127487516,-0.12791
142,195.852,89.798,178.195,0,0,0,0.889,2.981,45.731,0.889,2.981,37.731,0.228388,0.313054,0.31211,0.287242,-10.3657,3.0677,0.673,10.831,0.717406,-0.2394,-0.10907,-6739.101683,40,1.634779,-0.35754,-0.092191,0.333291,1.01909,-0.41329,2.341813683,-0.13033
121,185.396,87.397,181.087,0,0,0,0.889,2.981,46.068,0.889,2.981,38.157,0.210352,0.296392,0.295448,0.270905,-4.2631,-4.8973,-2.3109,6.8919,0.877443,-0.21914,-0.09444,-11340.96978,38,-0.699306,2.969853,1.386676,0.691825,-2.289919,2.009667,7.567406983,-0.1247
22,200.767,83.763,165.928,0,0,0,0.889,2.981,45.185,0.889,2.981,35.872,0.242049,0.320886,0.319942,0.297242,-9.4552,7.2783,2.7064,12.2352,0.706758,-0.24238,-0.10815,-6441.915104,40,0.712266,-0.21463,-0.003079,-1.140305,-0.179819,0.500203,1.853225006,-0.13423
48,325.56,131.477,215.438,0,0,0,0.889,2.981,45.089,0.889,2.981,36.268,0.417396,0.519757,0.518813,0.484095,6.1111,0.9818,4.3548,7.568,0.537172,-0.18768,-0.04367,-1508.857886,61,0.498396,0.077546,0.058154,-1.226066,0.752503,-0.464184,1.971015752,-0.14401
123,211.507,94.308,188.716,0,0,0,0.889,2.981,46.11,0.889,2.981,38.311,0.248336,0.338001,0.337057,0.310479,2.6719,-1.5556,-0.1015,3.0934,0.933959,-0.20655,-0.07767,-11356.2279,42,0.50271,2.90723,-1.594637,-1.590686,-1.174052,-1.747775,6.139709467,-0.12888
88,249.711,100.252,184.233,0,0,0,0.889,2.981,45.307,0.889,2.981,36.683,0.311349,0.398884,0.39794,0.370904,-10.4227,-0.923,3.9206,11.1739,0.977763,-0.19274,-0.07151,-6211.291305,48,0.475516,0.036279,-0.229176,-0.869978,0.108177,1.188035,1.349330482,-0.12123
63,238.401,97.074,186.576,0,0,0,0.889,2.981,45.755,0.889,2.981,37.205,0.292213,0.380861,0.379917,0.353082,5.141,-3.3051,1.7236,6.3502,1.007257,-0.20273,-0.08135,-11173.51493,46,1.125473,3.457103,-1.127125,0.546969,-1.487831,-1.237499,7.017079977,-0.12138
5,190.062,81.884,167.754,0,0,0,0.889,2.981,46.003,0.889,2.981,36.919,0.224122,0.303827,0.302883,0.280281,-4.1926,4.8431,4.5291,7.8451,0.783056,-0.22057,-0.10439,-11241.81666,38,-2.847508,-2.448202,-0.972499,-0.570141,2.123479,-0.640574,6.854701655,-0.11618
49,322.459,131.332,211.122,0,0,0,0.889,2.981,45.167,0.889,2.981,36.4,0.414505,0.514816,0.513872,0.479459,3.5257,6.7956,-4.3854,8.8229,0.307098,-0.17852,-0.0698,-1831.737807,61,0.540156,-0.040659,-0.013454,-1.232644,0.661742,0.397267,2.032130451,-0.10872
75,275.667,111.881,188.874,0,0,0,0.889,2.981,45.352,0.889,2.981,36.485,0.350507,0.440247,0.439303,0.410134,-10.0376,0.2023,-0.7802,10.0699,0.714074,-0.19339,-0.07605,-2225.641361,54,0.368488,0.077346,0.053422,-0.916734,-1.241386,-0.473617,2.264929086,-0.11734
61,212.884,92.179,183.02,0,0,0,0.889,2.981,45.707,0.889,2.981,37.006,0.253237,0.340196,0.339252,0.31375,7.1917,-4.7018,1.603,8.7406,0.873618,-0.20947,-0.08968,-11158.22365,42,1.673678,2.815334,-1.305309,0.01627,-2.366933,-1.890779,7.513906028,-0.11979
135,248.412,106.508,184.555,0,0,0,0.889,2.981,45.755,0.889,2.981,37.724,0.309126,0.396814,0.39587,0.368218,-1.8794,-1.8403,1.3035,2.9357,0.839685,-0.2009,-0.07848,-2408.393902,50,1.283839,0.188991,0.039096,-0.119882,-1.138855,0.093249,2.344521837,-0.12242
51,218.994,89.346,171.025,0,0,0,0.889,2.981,45.176,0.889,2.981,35.889,0.268673,0.349933,0.348989,0.324878,-15.2591,3.8815,0.9611,15.7744,0.897857,-0.22534,-0.11652,-6120.873515,43,0.841337,-0.23042,0.007799,-0.823201,0.747466,0.357726,2.164072275,-0.10882
79,326.604,136.798,222.236,0,0,0,0.889,2.981,45.243,0.889,2.981,36.734,0.415829,0.521421,0.520476,0.484179,2.8662,7.7376,-4.3697,9.337,0.291713,-0.17515,-0.06932,-1906.886877,62,0.725035,-0.052913,-0.012569,-1.00771,0.758054,0.378288,2.077917271,-0.10583
92,210.693,94.689,187.838,0,0,0,0.889,2.981,45.832,0.889,2.981,37.484,0.247458,0.336706,0.335761,0.309292,6.83,-4.8337,4.3462,9.4289,0.84009,-0.20819,-0.09985,-11841.47427,42,0.818366,3.606082,-1.217823,0.494427,-1.404962,-1.235015,7.094086299,-0.10834
86,222.402,89.879,166.51,0,0,0,0.889,2.981,45.251,0.889,2.981,36.513,0.276249,0.355364,0.35442,0.330757,-10.5911,-4.9471,4.0354,12.3665,1.028974,-0.21685,-0.09835,-6196.062793,44,0.930709,0.065621,-0.017519,-0.914436,0.627883,0.261659,2.00918819,-0.1185
111,221.395,96.478,182.159,0,0,0,0.889,2.981,45.325,0.889,2.981,36.604,0.26721,0.35376,0.352816,0.326441,15.7203,-4.1666,-0.6318,16.2754,0.898307,-0.21075,-0.11616,-6518.950054,44,-1.232821,0.207068,0.00977,0.483551,-0.689861,0.339085,2.134220257,-0.09459
87,224.015,96.076,182.622,0,0,0,0.889,2.981,45.325,0.889,2.981,36.608,0.271166,0.357936,0.356991,0.33073,9.5886,6.6677,5.0564,12.7266,0.796268,-0.21962,-0.10797,-6556.357217,44,-0.85395,0.024839,-0.017656,0.901842,-0.770633,0.241224,2.085271434,-0.11165
93,236.808,101.353,196.176,0,0,0,0.889,2.981,45.817,0.889,2.981,37.447,0.285112,0.378322,0.377377,0.348982,5.1158,-1.0033,-1.1901,5.3474,0.933527,-0.19687,-0.07489,-11496.40715,46,1.239461,2.831917,-1.490875,-1.000933,-1.166036,-1.759355,6.081662738,-0.12198
69,258.261,104.304,182.586,0,0,0,0.889,2.981,44.864,0.889,2.981,35.929,0.325757,0.41251,0.411566,0.383932,7.0603,-5.4184,0.7057,8.9278,0.795459,-0.20194,-0.09517,-1572.029213,50,-0.770902,0.237629,-0.233924,0.384716,-1.179944,0.30728,2.313974802,-0.10677
46,297.29,119.616,196.063,0,0,0,0.889,2.981,45.03,0.889,2.981,36.188,0.38155,0.474706,0.473762,0.443239,3.421,0.5674,3.3636,4.8311,0.648185,-0.18829,-0.05731,-1493.598162,57,0.683609,-0.034757,0.058431,1.774417,1.699924,-0.807041,2.684790203,-0.13098
14,277.661,105.987,176.366,0,0,0,0.889,2.981,44.811,0.889,2.981,35.503,0.359627,0.443424,0.44248,0.415557,-3.1434,2.5272,-1.7572,4.3995,0.664693,-0.1983,-0.06667,-2251.373469,54,0.574604,-0.01267,-0.066059,-1.322579,0.434784,-0.101388,1.999933374,-0.13163
85,221.065,94.966,186.454,0,0,0,0.889,2.981,45.715,0.889,2.981,37.201,0.264644,0.353234,0.35229,0.326101,-10.01,-1.4958,-1.8415,10.2873,0.822242,-0.2043,-0.10191,-6393.988768,44,-0.1734,-0.209312,0.129257,-1.940646,-0.128932,0.097966,1.770898166,-0.10239
91,209.597,90.584,177.793,0,0,0,0.889,2.981,45.77,0.889,2.981,37.426,0.250482,0.334958,0.334014,0.309275,6.516,-5.4363,0.072,8.4863,1.022388,-0.20654,-0.09464,-11481.17844,42,0.923608,3.753312,0.615366,0.061477,-1.798471,-2.462579,7.898598535,-0.1119
112,221.604,96.358,184.112,0,0,0,0.889,2.981,45.396,0.889,2.981,36.841,0.266616,0.354093,0.353149,0.326706,-13.271,1.867,1.5054,13.486,0.707082,-0.21876,-0.1058,-6879.281985,44,1.161249,-0.251672,-0.050215,-0.26795,0.973812,-0.416702,2.246381947,-0.11296
106,298.559,122.761,196.219,0,0,0,0.889,2.981,45.186,0.889,2.981,36.854,0.383499,0.476729,0.475785,0.444633,3.3213,-0.8279,4.1297,5.3638,0.64401,-0.18372,-0.0576,-1891.6742,58,1.071215,-0.011436,0.033921,1.906579,1.943051,-0.620013,2.887537338,-0.12612
77,300.942,126.661,206.014,0,0,0,0.889,2.981,45.186,0.889,2.981,36.583,0.382642,0.480526,0.479582,0.446601,-3.0987,3.8118,0.7986,4.9769,0.350904,-0.18103,-0.05616,-1929.02968,58,-0.815994,-0.064063,0.063751,0.90654,0.728015,-0.325269,2.054725893,-0.12487
30,196.92,80.434,157.881,0,0,0,0.889,2.981,45.593,0.889,2.981,36.708,0.239741,0.314756,0.313811,0.292426,-5.4984,-8.3198,3.106,10.4451,0.788201,-0.21187,-0.14087,-6279.533547,40,-0.641798,-0.018525,0.129229,-2.338527,-0.534693,0.009021,1.847091797,-0.071
128,232.049,98.526,184.422,0,0,0,0.889,2.981,45.261,0.889,2.981,37.144,0.283113,0.370738,0.369793,0.342968,-9.5996,0.0917,5.0704,10.8568,0.855145,-0.22786,-0.09382,-1431.873444,46,1.781388,0.126061,0.002031,0.308293,-1.1221,-0.124359,2.299091265,-0.13404
113,247.046,100.73,184.296,0,0,0,0.889,2.981,45.379,0.889,2.981,36.859,0.307072,0.394636,0.393692,0.366413,8.0995,0.3045,-4.6299,9.3344,0.92042,-0.20827,-0.08019,-6534.253283,48,-0.750881,0.041063,0.38843,0.865254,1.120233,0.545901,2.222860346,-0.12808
90,221.488,93.929,176.411,0,0,0,0.889,2.981,45.715,0.889,2.981,37.159,0.270089,0.353907,0.352963,0.327526,-8.5093,0.2665,-3.0292,9.0364,0.291312,-0.19121,-0.1455,-6394.016568,44,0.053513,-0.42949,-0.052271,-1.632466,0.516487,0.190255,2.15227093,-0.04571
84,246.204,102.551,192.585,0,0,0,0.889,2.981,45.379,0.889,2.981,36.987,0.301792,0.393295,0.392351,0.364062,-3.6732,1.7105,-2.1533,4.5885,0.687845,-0.20105,-0.09629,-6534.158346,48,0.377561,-0.039775,0.094436,-1.397594,-0.078036,0.175529,1.775979471,-0.10476
53,245.941,97.207,180.185,0,0,0,0.889,2.981,45.232,0.889,2.981,36.177,0.307264,0.392876,0.391932,0.365617,-7.1917,0.331,-6.5357,9.7235,0.93367,-0.22031,-0.07879,-6136.17811,47,0.347324,-0.000681,0.385413,-1.347461,-0.943076,0.543118,2.156041017,-0.14152
47,297.042,123.712,202.796,0,0,0,0.889,2.981,45.109,0.889,2.981,36.244,0.377955,0.47431,0.473366,0.441097,2.3848,-5.252,2.6757,6.3585,0.358004,-0.18509,-0.05803,-1853.87971,57,0.652158,0.052317,0.05661,-1.150107,-0.580825,-0.248483,2.012435518,-0.12706
67,230.383,87.51,160.279,0,0,0,0.889,2.981,44.8,0.889,2.981,35.903,0.29193,0.368083,0.367139,0.344562,16.2722,2.9188,-7.0671,17.9791,0.790054,-0.2232,-0.10693,-1594.152194,46,-1.033087,0.055043,0.091772,0.63778,-0.944444,0.134671,2.188548619,-0.11627
43,297.93,112.266,188.335,0,0,0,0.889,2.981,44.8,0.889,2.981,35.693,0.386242,0.475726,0.474782,0.445723,-2.0209,-1.2769,0.2915,2.4082,0.882825,-0.20175,-0.05547,-1967.737886,57,0.682491,0.059377,-0.140142,-0.913071,-1.022606,-0.163703,2.210699555,-0.14628
117,221.459,96.297,181.216,0,0,0,0.889,2.981,45.396,0.889,2.981,36.864,0.267761,0.353862,0.352918,0.326722,-11.3044,-7.0559,3.8769,13.8782,0.803238,-0.21092,-0.1028,-6879.277406,44,0.972113,0.152162,0.042564,-0.556417,-0.171444,-1.100699,1.595570634,-0.10812
80,301.702,128.265,210.128,0,0,0,0.889,2.981,45.594,0.889,2.981,36.959,0.381898,0.481737,0.480793,0.447285,4.2965,1.7132,0.7849,4.6916,0.485208,-0.17466,-0.05654,-1766.755822,58,0.435542,-0.191561,0.053633,-1.118499,0.844574,-0.44929,2.135929518,-0.11812
94,236.453,104.758,200.181,0,0,0,0.889,2.981,45.878,0.889,2.981,37.505,0.282644,0.377756,0.376812,0.347329,-2.1417,2.1876,-3.5579,4.6938,0.618609,-0.19485,-0.10411,-11819.32196,46,-1.588262,-2.91357,0.914709,0.938979,0.771809,-2.289258,5.792321108,-0.09074
110,298.508,126.231,209.405,0,0,0,0.889,2.981,45.66,0.889,2.981,37.312,0.377151,0.476647,0.475702,0.442558,-3.186,1.1271,0.8849,3.4934,0.477983,-0.18868,-0.08964,-2089.702465,58,-0.680471,-0.187296,-0.295504,0.850243,0.828791,-0.812966,2.09951207,-0.09904
131,248.093,103.621,174.786,0,0,0,0.889,2.981,45.297,0.889,2.981,37.246,0.313259,0.396305,0.395361,0.36909,-2.6124,1.295,-1.3039,3.194,0.988404,-0.20385,-0.06734,-2210.380403,50,1.823532,-0.053442,0.173709,0.768001,-1.32735,1.63609,2.088020325,-0.13651
138,301.696,130.501,221.47,0,0,0,0.889,2.981,45.594,0.889,2.981,37.841,0.3765,0.481728,0.480783,0.4459,7.9393,2.5571,3.8538,9.1882,0.578883,-0.18643,-0.05697,-1766.747499,58,1.528654,-0.095625,0.00799,-0.082671,0.976695,-0.191793,2.212715214,-0.12946
145,193.583,90.093,178.998,0,0,0,0.889,2.981,46.075,0.889,2.981,38.4,0.22439,0.309438,0.308494,0.283565,-6.3051,-1.1317,-2.9891,7.0689,0.837731,-0.21526,-0.10337,-6576.734896,40,0.625313,-0.230272,0.145292,-1.14244,-0.19677,0.15689,1.768387807,-0.11189
95,209.374,91.178,177.675,0,0,0,0.889,2.981,46.165,0.889,2.981,37.771,0.250184,0.334604,0.333659,0.308624,-7.4065,2.387,2.1156,8.0641,0.787025,-0.20793,-0.10296,-11679.18315,42,-1.105812,-3.53516,-0.771325,-0.760233,1.54904,-1.091032,7.198444563,-0.10497
81,223.717,93.462,177.609,0,0,0,0.889,2.981,45.251,0.889,2.981,36.423,0.273071,0.357459,0.356515,0.331336,13.9833,1.9769,0.4673,14.13,0.979219,-0.2169,-0.09457,-6196.063391,44,-1.01716,0.295933,0.183521,0.580576,-0.760331,0.453994,2.18726944,-0.12233
102,273.874,113.424,192.751,0,0,0,0.889,2.981,44.989,0.889,2.981,36.394,0.345808,0.43739,0.436446,0.40686,-5.0161,0.2758,2.6575,5.6833,0.699763,-0.19917,-0.07869,-2710.85169,54,1.118547,0.076018,-0.136047,-0.365936,-1.163297,-0.084493,2.296844164,-0.12048
134,272.747,112.2,189.316,0,0,0,0.889,2.981,45.423,0.889,2.981,37.444,0.345644,0.435594,0.434649,0.405572,-0.4657,4.1691,1.6357,4.5026,0.681612,-0.19782,-0.0667,-2548.561406,54,-1.661941,-0.167615,0.058428,-0.183365,1.103725,0.129586,2.327831132,-0.13112
116,220.656,91.554,175.071,0,0,0,0.889,2.981,45.325,0.889,2.981,36.839,0.2694,0.352582,0.351638,0.327317,-10.449,-3.6054,3.7253,11.6643,1.032833,-0.21161,-0.10057,-6518.988957,44,1.113045,0.025828,-0.016102,-0.670826,0.761517,0.259119,2.065108315,-0.11104
56,218.144,84.653,162.531,0,0,0,0.889,2.981,45.176,0.889,2.981,36.152,0.271355,0.348578,0.347634,0.325409,-8.1072,-7.0477,4.6464,11.7041,1.030197,-0.22677,-0.10077,-6120.911845,43,0.730812,0.121159,-0.019541,-1.168963,0.427461,0.266738,1.948534547,-0.126
42,272.174,108.266,185.797,0,0,0,0.889,2.981,44.822,0.889,2.981,35.683,0.346402,0.434681,0.433736,0.405602,-5.4906,-0.4457,2.1157,5.901,0.700855,-0.20575,-0.07885,-2312.774709,53,0.734267,0.034869,-0.165112,-0.920403,-0.96179,-0.127302,2.173612462,-0.1269
100,229.913,97.914,179.01,0,0,0,0.889,2.981,45.334,0.889,2.981,36.936,0.282281,0.367334,0.36639,0.340257,13.08,-1.6607,0.6448,13.2007,0.922676,-0.20173,-0.10298,-1754.734682,46,-0.29917,-0.163766,0.122845,1.465141,-0.066838,0.051735,1.769628034,-0.09875
97,232.062,97.677,176.055,0,0,0,0.889,2.981,44.885,0.889,2.981,36.211,0.28711,0.370759,0.369815,0.343924,-13.8817,3.6325,8.0436,16.4498,0.801767,-0.21529,-0.10905,-1917.08232,46,1.24032,0.107095,-0.063873,-0.30275,-1.055679,-0.00182,2.25502811,-0.10624
83,250.505,102.046,185.95,0,0,0,0.889,2.981,45.307,0.889,2.981,36.54,0.311799,0.40015,0.399206,0.37145,8.655,0.1343,-5.2497,10.1236,0.926572,-0.21221,-0.07783,-6211.328348,48,-0.554915,0.008912,0.385657,1.107142,1.011219,0.571622,2.184415738,-0.13438
82,223.711,94.387,182.194,0,0,0,0.889,2.981,45.325,0.889,2.981,36.535,0.270884,0.35745,0.356506,0.330631,-14.0491,-0.1332,-1.1222,14.0945,0.701089,-0.23128,-0.10431,-6556.355856,44,1.013769,0.176543,0.044191,-0.523505,-0.909485,0.407799,2.173045095,-0.12697
96,232.252,97.197,174.182,0,0,0,0.889,2.981,44.8,0.889,2.981,36.054,0.288302,0.371061,0.370117,0.344549,10.548,6.8155,-3.6811,13.0867,1.073276,-0.20832,-0.09857,-1556.783941,46,-1.261392,-0.263761,0.107815,-1.453782,0.93335,1.922471,1.703867191,-0.10975
115,218.788,94.565,178.597,0,0,0,0.889,2.981,45.779,0.889,2.981,37.5,0.264747,0.349604,0.34866,0.323032,-9.0689,0.1513,-4.1443,9.9721,0.834145,-0.20117,-0.10225,-6716.915748,44,0.03535,0.25072,0.184914,-1.732157,0.241566,0.265644,1.767554408,-0.09892
41,271.537,103.051,170.993,0,0,0,0.889,2.981,44.734,0.889,2.981,35.563,0.352422,0.433666,0.432722,0.406984,-5.1063,-0.3259,2.2041,5.5713,0.975473,-0.20072,-0.06287,-1952.483073,53,0.810778,-0.000655,-0.23085,-0.159206,1.691262,-1.266721,2.581866617,-0.13785
55,216.062,87.925,168.875,0,0,0,0.889,2.981,45.651,0.889,2.981,36.867,0.265023,0.34526,0.344316,0.320713,9.0562,0.9476,-2.8519,9.5418,0.830653,-0.21232,-0.10233,-6318.838336,43,0.364428,0.217425,0.158983,2.131451,0.156916,0.181581,1.769093825,-0.10999
32,208.375,87.645,176.77,0,0,0,0.889,2.981,45.707,0.889,2.981,36.884,0.249022,0.333011,0.332067,0.307807,5.9094,-3.8469,5.5078,8.9474,0.843572,-0.21955,-0.09972,-11443.39809,41,2.079769,2.659395,-1.898201,0.545974,-1.926138,-0.504491,6.663839201,-0.11983
26,199.901,78.807,152.442,0,0,0,0.889,2.981,45.108,0.889,2.981,35.789,0.247077,0.319507,0.318563,0.298074,-5.0925,-7.8716,5.5827,10.9115,1.028858,-0.23175,-0.10272,-6081.621218,40,0.540983,0.171521,-0.033281,-1.361315,-0.009355,0.322924,1.919419166,-0.12903
28,227.783,91.113,172.949,0,0,0,0.889,2.981,45.166,0.889,2.981,35.876,0.281765,0.363939,0.362995,0.338371,-5.8161,5.4595,-2.6246,8.3977,0.94996,-0.22893,-0.08003,-6096.892227,44,0.367413,-0.120219,0.059879,-1.542843,0.099536,-0.136767,1.935371413,-0.1489
6,212.679,87.761,165.305,0,0,0,0.889,2.981,44.54,0.889,2.981,34.889,0.261328,0.33987,0.338926,0.315848,-11.8071,8.4254,-3.6175,14.9493,0.976113,-0.23458,-0.10425,-1119.418111,42,0.696526,0.069937,-0.397327,0.557702,2.551938,-1.963224,3.512823655,-0.13033
130,206.44,91.271,173.809,0,0,0,0.889,2.981,45.676,0.889,2.981,37.567,0.247345,0.329928,0.328983,0.304346,9.5053,-1.5472,6.4323,11.581,0.960659,-0.22644,-0.10563,-1614.636657,42,-1.422658,-0.319174,0.091298,0.035869,0.931924,0.257919,2.292987881,-0.12081
24,224.202,90.312,172.486,0,0,0,0.889,2.981,45.242,0.889,2.981,36.242,0.27628,0.358234,0.357289,0.333093,-6.2488,-0.1009,0.2415,6.2543,0.742775,-0.21636,-0.0677,-6419.718575,44,-0.24297,-0.058888,0.181124,-2.011863,-0.011603,0.098583,1.770156543,-0.14866
122,184.793,88.456,182.375,0,0,0,0.889,2.981,46.124,0.889,2.981,38.296,0.208778,0.29543,0.294486,0.269629,2.4478,-6.7736,-3.1937,7.8787,0.62905,-0.21553,-0.11692,-11701.27374,38,-0.534777,3.479982,1.105259,-1.323155,-0.843505,-2.349593,6.164950896,-0.09861
114,244.307,104.54,196.767,0,0,0,0.889,2.981,45.449,0.889,2.981,37.303,0.296782,0.390272,0.389328,0.36036,-2.7144,-1.8425,2.2294,3.9665,0.694272,-0.19833,-0.09678,-6857.084623,48,0.575025,0.040621,-0.091243,-1.200084,0.095385,-0.16461,1.776797724,-0.10155
27,201.516,85.202,167.871,0,0,0,0.889,2.981,45.185,0.889,2.981,35.903,0.24232,0.322081,0.321137,0.298055,-4.5746,-7.9066,5.8997,10.8742,0.799509,-0.2343,-0.11089,-6441.916242,40,0.523703,0.125355,-0.032241,-1.373807,-0.034646,0.337018,1.910953908,-0.12341
25,199.175,85.713,174.741,0,0,0,0.889,2.981,45.593,0.889,2.981,36.537,0.235325,0.31835,0.317406,0.293868,-8.1404,-0.865,-2.8887,8.6809,0.834548,-0.21663,-0.1028,-6279.548537,40,-0.564868,-0.206582,0.160422,-2.330519,-0.12874,0.193763,1.76907948,-0.11383
31,207.902,85.109,167.047,0,0,0,0.889,2.981,45.643,0.889,2.981,36.701,0.252887,0.332256,0.331312,0.308323,6.2952,-5.3323,2.7921,8.7097,0.87694,-0.21653,-0.09117,-11083.07328,41,1.900625,2.745388,-1.346317,0.070926,-2.380832,-1.91703,7.476901859,-0.12536
19,306.661,129.372,214.362,0,0,0,0.889,2.981,45.099,0.889,2.981,36.071,0.387789,0.489639,0.488695,0.454343,3.9386,-2.2928,-3.964,6.04,0.276386,-0.1886,-0.07222,-1792.467795,58,0.31418,0.023565,-0.071364,-1.501563,-0.490511,0.372765,1.955881108,-0.11638
8,238.613,94.97,174.884,0,0,0,0.889,2.981,44.61,0.889,2.981,35.077,0.298106,0.381199,0.380255,0.354907,-11.6625,5.0325,-7.1838,14.5927,0.908721,-0.2224,-0.09216,-1134.671212,46,0.683306,0.0246,-0.386991,-1.032675,0.739439,0.11804,1.991627572,-0.13024
18,307.306,126.049,209.674,0,0,0,0.889,2.981,45.02,0.889,2.981,35.966,0.391045,0.490668,0.489724,0.456435,3.8381,-1.5448,6.1875,7.4433,0.570076,-0.18539,-0.05374,-1469.55994,58,0.438952,0.030279,0.00904,-1.410053,-0.505006,-0.264705,1.997968857,-0.13165
20,277.154,111.805,182.203,0,0,0,0.889,2.981,45.467,0.889,2.981,36.33,0.356046,0.442617,0.441673,0.413466,4.2083,-4.5299,-1.1364,6.2866,0.452946,-0.18126,-0.06021,-1652.314092,54,0.154484,0.218118,-0.040451,-1.609859,-0.380786,0.474854,1.957109661,-0.12105
34,233.662,98.013,191.182,0,0,0,0.889,2.981,45.755,0.889,2.981,36.969,0.282472,0.373309,0.372365,0.344888,2.3282,-3.3206,-2.5645,4.7983,0.615037,-0.20119,-0.10455,-11421.24484,45,1.775723,3.061736,0.669081,-0.723223,-0.852351,-2.257352,6.073292781,-0.09664
148,221.926,95.82,182.132,0,0,0,0.889,2.981,45.715,0.889,2.981,37.891,0.268068,0.354605,0.353661,0.327574,6.5869,0.2307,4.1648,7.7965,0.980107,-0.19735,-0.07666,-6394.037169,44,-1.218048,-0.043069,-0.226784,0.072372,-0.024447,1.251578,1.290688705,-0.12069
149,218.485,92.052,172.218,0,0,0,0.889,2.981,45.779,0.889,2.981,38.021,0.267296,0.349122,0.348178,0.3236,4.1399,0.3135,-2.1123,4.6582,0.545973,-0.20622,-0.10453,-6716.93693,44,-1.234224,0.535573,0.389561,0.619298,1.09647,0.443761,2.01612368,-0.10169
35,206.504,82.203,170.534,0,0,0,0.889,2.981,46.054,0.889,2.981,37.166,0.249003,0.330029,0.329085,0.306543,-6.534,-4.339,-2.98,8.3905,0.78205,-0.21796,-0.10482,-11281.10957,41,-1.616685,3.420009,0.285061,-0.795262,-1.470376,1.442931,6.964658401,-0.11314
120,220.105,97.989,187.005,0,0,0,0.889,2.981,45.779,0.889,2.981,37.471,0.262851,0.351703,0.350759,0.32378,7.4508,-0.1077,-3.01,8.0365,0.299773,-0.19064,-0.14588,-6716.942754,44,-0.257805,0.446288,-0.045299,1.460211,-0.431804,0.223027,2.119827846,-0.04476
38,256.034,97.186,176.149,0,0,0,0.889,2.981,44.69,0.889,2.981,35.462,0.325266,0.40896,0.408016,0.382166,-11.6532,1.8352,5.6375,13.0747,0.858836,-0.22577,-0.08964,-1173.978522,49,0.773682,0.072757,-0.005269,-0.867902,-0.946127,-0.111045,2.184272703,-0.13613
45,269.291,101.279,175.54,0,0,0,0.889,2.981,45.279,0.889,2.981,36.176,0.346683,0.430087,0.429143,0.403399,-9.1605,0.5643,0.362,9.185,0.703703,-0.19486,-0.08069,-2150.489884,53,0.229886,0.114402,0.050202,-1.224664,-1.034775,-0.451692,2.181039032,-0.11417
104,298.863,121.364,205.28,0,0,0,0.889,2.981,45.049,0.889,2.981,36.506,0.379678,0.477213,0.476269,0.444285,1.7174,2.3658,3.192,4.3285,0.66843,-0.19426,-0.08303,-2688.712664,58,-0.98591,-0.111288,-0.133326,0.394857,1.25081,0.083345,2.370050512,-0.11123
108,326.609,135.087,221.355,0,0,0,0.889,2.981,45.243,0.889,2.981,36.929,0.416256,0.521429,0.520485,0.484766,5.9621,1.6801,4.7194,7.7873,0.534476,-0.18378,-0.04515,-1906.933588,62,0.881963,0.046657,0.056581,-0.728189,0.964436,-0.469563,2.068145558,-0.13863
36,229.656,89.859,160.872,0,0,0,0.889,2.981,44.622,0.889,2.981,35.282,0.290489,0.366925,0.36598,0.34292,9.1174,11.6169,3.4736,15.1706,0.974925,-0.2316,-0.10347,-1158.708171,45,-0.864707,-0.141417,0.40726,-1.545699,2.219917,2.026482,3.408158832,-0.12813
21,201.6,82.047,158.483,0,0,0,0.889,2.981,45.108,0.889,2.981,35.705,0.246914,0.322215,0.32127,0.299548,-9.171,8.5761,2.7915,12.8627,0.972902,-0.23235,-0.09717,-6081.622444,40,0.747995,-0.20895,0.109358,-1.120722,-0.020735,0.544273,1.887578607,-0.13518
73,302.425,117.493,194.128,0,0,0,0.889,2.981,44.886,0.889,2.981,36.07,0.390653,0.48289,0.481946,0.451257,-1.9388,0.3186,-1.4492,2.4414,0.846143,-0.19119,-0.05983,-2042.886698,58,0.90528,0.055571,0.069967,-0.670987,-1.081012,-0.020944,2.251279522,-0.13136